Date,High,Low,Open,Close,Volume,Adj Close
2015-06-23,45066.69921875,34666.69921875,34666.69921875,45066.69921875,1752121.0,42983.34375
2015-06-24,53266.69921875,40933.30078125,50666.69921875,43333.30078125,2125999.0,41330.08203125
2015-06-25,47266.69921875,41733.30078125,42733.30078125,44933.30078125,530556.0,42856.1171875
2015-06-26,46200.0,43000.0,45733.30078125,43000.0,201625.0,41012.1875
2015-06-29,43000.0,38933.30078125,42333.30078125,42600.0,264115.0,40630.6796875
2015-06-30,43333.30078125,41200.0,42333.30078125,41666.69921875,88539.0,39740.5234375
2015-07-01,43200.0,40466.69921875,41800.0,42466.69921875,116974.0,40503.5390625
2015-07-02,47600.0,42733.30078125,43333.30078125,45866.69921875,188847.0,43746.3671875
2015-07-03,50800.0,45800.0,46000.0,49133.30078125,249412.0,46861.95703125
2015-07-06,50000.0,45866.69921875,49000.0,48466.69921875,86287.0,46226.17578125
2015-07-07,49666.69921875,44066.69921875,49066.69921875,44466.69921875,99186.0,42411.08984375
2015-07-08,45333.30078125,40666.69921875,45333.30078125,44666.69921875,141379.0,42601.83984375
2015-07-09,44600.0,41800.0,43400.0,44400.0,43432.0,42347.47265625
2015-07-10,45266.69921875,42600.0,44333.30078125,45133.30078125,42454.0,43046.87109375
2015-07-13,47066.69921875,44333.30078125,44333.30078125,46933.30078125,38290.0,44763.66015625
2015-07-14,48533.30078125,45933.30078125,47133.30078125,45933.30078125,25374.0,43809.890625
2015-07-15,46466.69921875,44133.30078125,45733.30078125,44133.30078125,32836.0,42093.09765625
2015-07-16,46266.69921875,43400.0,44133.30078125,45600.0,48070.0,43491.9921875
2015-07-17,46933.30078125,44066.69921875,45333.30078125,46466.69921875,47521.0,44318.62890625
2015-07-20,49866.69921875,46533.30078125,46866.69921875,49400.0,83016.0,47116.32421875
2015-07-21,50400.0,46733.30078125,49933.30078125,49666.69921875,81819.0,47370.69921875
2015-07-22,64466.69921875,49066.69921875,49666.69921875,58200.0,343611.0,55509.51953125
2015-07-23,61533.30078125,53733.30078125,58200.0,57933.30078125,205585.0,55255.15234375
2015-07-24,55333.30078125,52066.69921875,53666.69921875,52066.69921875,214356.0,49659.75
2015-07-27,55000.0,50066.69921875,51333.30078125,53333.30078125,103428.0,50867.80078125
2015-07-28,54600.0,49333.30078125,52800.0,54466.69921875,88644.0,51948.8046875
2015-07-29,55333.30078125,52333.30078125,54466.69921875,54666.69921875,63079.0,52139.5625
2015-07-30,55000.0,52466.69921875,54600.0,53866.69921875,27937.0,51376.5390625
2015-07-31,56800.0,53466.69921875,54800.0,55733.30078125,99040.0,53156.8515625
2015-08-03,56733.30078125,54733.30078125,54733.30078125,56000.0,35853.0,53411.2265625
2015-08-04,56000.0,54133.30078125,56000.0,54533.30078125,28050.0,52012.32421875
2015-08-05,54666.69921875,51600.0,54666.69921875,53333.30078125,53136.0,50867.80078125
2015-08-06,57533.30078125,52133.30078125,52800.0,56400.0,58977.0,53792.73046875
2015-08-07,58866.69921875,54666.69921875,57266.69921875,57533.30078125,47817.0,54873.64453125
2015-08-10,58000.0,55000.0,56933.30078125,56066.69921875,28530.0,53474.83984375
2015-08-11,63533.30078125,56133.30078125,56866.69921875,60933.30078125,97020.0,58116.46484375
2015-08-12,61600.0,56133.30078125,60933.30078125,58133.30078125,68197.0,55445.90625
2015-08-13,64266.69921875,56933.30078125,56933.30078125,59600.0,96493.0,56844.796875
2015-08-14,59600.0,59600.0,59600.0,59600.0,0.0,56844.796875
2015-08-17,63666.69921875,58866.69921875,61133.30078125,61933.30078125,56562.0,59070.23828125
2015-08-18,65666.703125,58600.0,63200.0,59333.30078125,57922.0,56590.4296875
2015-08-19,60933.30078125,51866.69921875,58733.30078125,60733.30078125,111409.0,57925.7109375
2015-08-20,60666.69921875,56733.30078125,59266.69921875,56733.30078125,112891.0,54110.625
2015-08-21,58933.30078125,53066.69921875,53400.0,55266.69921875,57727.0,52711.8203125
2015-08-24,49733.30078125,38733.30078125,49066.69921875,38733.30078125,934117.0,36942.734375
2015-08-25,44866.69921875,34200.0,39933.30078125,43800.0,957946.0,41775.20703125
2015-08-26,46200.0,42333.30078125,43800.0,43866.69921875,172711.0,41838.82421875
2015-08-27,46466.69921875,43666.69921875,44133.30078125,43933.30078125,154018.0,41902.34375
2015-08-28,45466.69921875,43600.0,44200.0,44333.30078125,93727.0,42283.8515625
2015-08-31,45000.0,36533.30078125,45000.0,38266.69921875,449590.0,36497.69921875
2015-09-01,42533.30078125,38466.69921875,38733.30078125,40533.30078125,324655.0,38659.51953125
2015-09-02,41200.0,39333.30078125,40066.69921875,40400.0,109920.0,38532.37890625
2015-09-03,41600.0,39333.30078125,40400.0,40666.69921875,82617.0,38786.75390625
2015-09-04,40800.0,37133.30078125,40666.69921875,38000.0,109615.0,36243.328125
2015-09-07,38533.30078125,35266.69921875,38533.30078125,36600.0,105643.0,34908.046875
2015-09-08,37400.0,33800.0,36666.69921875,33800.0,129075.0,32237.490234375
2015-09-09,38533.30078125,34533.30078125,35200.0,38266.69921875,143865.0,36497.69921875
2015-09-10,39333.30078125,37000.0,38000.0,38733.30078125,61542.0,36942.734375
2015-09-11,40666.69921875,38400.0,38400.0,39733.30078125,92530.0,37896.50390625
2015-09-14,40533.30078125,38866.69921875,40000.0,39000.0,57786.0,37197.1015625
2015-09-15,39800.0,38066.69921875,39000.0,39066.69921875,40920.0,37260.71875
2015-09-16,41466.69921875,39200.0,39200.0,41333.30078125,64293.0,39422.5390625
2015-09-17,43333.30078125,39600.0,42266.69921875,39600.0,62412.0,37769.3671875
2015-09-18,40933.30078125,39666.69921875,40000.0,40800.0,58039.0,38913.890625
2015-09-21,40800.0,39133.30078125,40800.0,39466.69921875,46824.0,37642.2265625
2015-09-22,40066.69921875,38733.30078125,39866.69921875,39000.0,46480.0,37197.1015625
2015-09-23,38933.30078125,36733.30078125,38666.69921875,36933.30078125,85633.0,35225.9453125
2015-09-24,37800.0,35666.69921875,37666.69921875,35733.30078125,68761.0,34081.41796875
2015-09-25,36333.30078125,33400.0,35866.69921875,35000.0,183970.0,33382.015625
2015-09-30,35466.69921875,33666.69921875,34133.30078125,35266.69921875,91036.0,33636.38671875
2015-10-01,35800.0,34400.0,35466.69921875,35533.30078125,78928.0,33890.66015625
2015-10-02,35600.0,34666.69921875,35333.30078125,34666.69921875,32299.0,33064.12109375
2015-10-05,38333.30078125,34933.30078125,34933.30078125,37933.30078125,133311.0,36179.7109375
2015-10-06,38333.30078125,36333.30078125,38266.69921875,36666.69921875,54744.0,34971.6640625
2015-10-07,37200.0,35200.0,36666.69921875,35666.69921875,39316.0,34017.89453125
2015-10-08,35933.30078125,34066.69921875,35733.30078125,34600.0,91698.0,33000.50390625
2015-10-12,37600.0,35800.0,35866.69921875,36600.0,128121.0,34908.046875
2015-10-13,36666.69921875,34533.30078125,36600.0,34866.69921875,75400.0,33254.875
2015-10-14,35200.0,34333.30078125,34666.69921875,34533.30078125,49249.0,32936.890625
2015-10-15,36600.0,34533.30078125,34533.30078125,36533.30078125,77446.0,34844.4296875
2015-10-16,39400.0,37000.0,37200.0,39200.0,220440.0,37387.8515625
2015-10-19,42266.69921875,40400.0,40466.69921875,41066.69921875,160996.0,39168.2578125
2015-10-20,41800.0,39800.0,41333.30078125,41266.69921875,71521.0,39359.015625
2015-10-21,42800.0,40400.0,40666.69921875,42000.0,76968.0,40058.41796875
2015-10-22,42800.0,41333.30078125,41800.0,41666.69921875,75826.0,39740.5234375
2015-10-23,43000.0,40800.0,42666.69921875,42866.69921875,63444.0,40885.05078125
2015-10-26,43666.69921875,41933.30078125,43333.30078125,43200.0,52714.0,41202.9453125
2015-10-27,43133.30078125,41333.30078125,43066.69921875,42133.30078125,56410.0,40185.55859375
2015-10-28,43933.30078125,41533.30078125,41800.0,43800.0,37056.0,41775.20703125
2015-10-29,44866.69921875,43333.30078125,44866.69921875,44066.69921875,27924.0,42029.57421875
2015-10-30,45200.0,42933.30078125,44066.69921875,43533.30078125,52513.0,41520.8359375
2015-11-02,43533.30078125,41600.0,42866.69921875,42133.30078125,58372.0,40185.55859375
2015-11-03,43400.0,40866.69921875,42133.30078125,43333.30078125,80974.0,41330.08203125
2015-11-04,46466.69921875,42666.69921875,43333.30078125,45866.69921875,119991.0,43746.3671875
2015-11-05,46200.0,44200.0,46200.0,44866.69921875,68881.0,42792.59375
2015-11-06,44800.0,43066.69921875,44200.0,44400.0,56958.0,42347.47265625
2015-11-09,45000.0,41800.0,45000.0,42266.69921875,68608.0,40312.78515625
2015-11-10,41466.69921875,39200.0,41466.69921875,39466.69921875,79201.0,37642.2265625
2015-11-11,41133.30078125,38800.0,38800.0,40666.69921875,56434.0,38786.75390625
2015-11-12,42266.69921875,40066.69921875,40866.69921875,41733.30078125,25131.0,39804.04296875
2015-11-13,42400.0,40333.30078125,40866.69921875,42000.0,29659.0,40058.41796875
2015-11-16,43066.69921875,41000.0,41133.30078125,42733.30078125,30891.0,40757.8203125
2015-11-17,44866.69921875,42466.69921875,43533.30078125,44866.69921875,44772.0,42792.59375
2015-11-18,45066.69921875,43066.69921875,45066.69921875,43066.69921875,35553.0,41075.8046875
2015-11-19,45266.69921875,42400.0,43200.0,43533.30078125,23853.0,41520.8359375
2015-11-20,43933.30078125,41600.0,43866.69921875,42400.0,38557.0,40439.92578125
2015-11-23,43066.69921875,41200.0,43000.0,41866.69921875,33990.0,39931.27734375
2015-11-24,43333.30078125,41400.0,41666.69921875,43200.0,44634.0,41202.9453125
2015-11-25,44200.0,42800.0,43200.0,43600.0,50908.0,41584.453125
2015-11-26,46200.0,43333.30078125,43866.69921875,46133.30078125,76053.0,44000.64453125
2015-11-27,48600.0,45400.0,46000.0,47133.30078125,64746.0,44954.4140625
2015-11-30,47666.69921875,44866.69921875,47333.30078125,46466.69921875,657234.0,44318.62890625
2015-12-01,48333.30078125,45200.0,46000.0,46200.0,93069.0,44064.2578125
2015-12-02,46666.69921875,45000.0,46600.0,45600.0,36573.0,43491.9921875
2015-12-03,46466.69921875,44666.69921875,45066.69921875,46266.69921875,25612.0,44127.87109375
2015-12-04,46333.30078125,45333.30078125,45333.30078125,46333.30078125,19020.0,44191.3984375
2015-12-07,47266.69921875,45800.0,46800.0,45933.30078125,15691.0,43809.890625
2015-12-08,46533.30078125,44600.0,46133.30078125,45866.69921875,33172.0,43746.3671875
2015-12-09,46266.69921875,44666.69921875,46266.69921875,45533.30078125,29938.0,43428.37890625
2015-12-10,46000.0,41933.30078125,45333.30078125,45733.30078125,82101.0,43619.1328125
2015-12-11,46000.0,44866.69921875,45266.69921875,45266.69921875,26245.0,43174.1015625
2015-12-14,44000.0,43133.30078125,44000.0,43133.30078125,32884.0,41139.328125
2015-12-15,45266.69921875,42533.30078125,42533.30078125,44933.30078125,22602.0,42856.1171875
2015-12-16,46200.0,44266.69921875,46000.0,45200.0,30723.0,43110.48828125
2015-12-17,45866.69921875,45000.0,45333.30078125,45266.69921875,14332.0,43174.1015625
2015-12-18,45800.0,44800.0,45266.69921875,45333.30078125,15255.0,43237.625
2015-12-21,45200.0,43200.0,44800.0,44400.0,124128.0,42347.47265625
2015-12-22,44333.30078125,42533.30078125,43733.30078125,43600.0,57487.0,41584.453125
2015-12-23,43800.0,42533.30078125,43800.0,42866.69921875,49015.0,40885.05078125
2015-12-24,43133.30078125,42200.0,42733.30078125,42266.69921875,470829.0,40312.78515625
2015-12-28,42666.69921875,41200.0,42666.69921875,41400.0,84013.0,39486.15234375
2015-12-29,42533.30078125,41266.69921875,41466.69921875,41933.30078125,73386.0,40384.99609375
2015-12-30,43533.30078125,41533.30078125,41933.30078125,43333.30078125,87331.0,41733.3046875
2016-01-04,43666.69921875,42200.0,43333.30078125,42200.0,33205.0,40641.84765625
2016-01-05,42800.0,41333.30078125,41333.30078125,42000.0,38302.0,40449.23046875
2016-01-06,42800.0,41066.69921875,42000.0,42066.69921875,49675.0,40513.46875
2016-01-07,42466.69921875,40200.0,41533.30078125,40200.0,38128.0,38715.6953125
2016-01-08,42666.69921875,38400.0,39333.30078125,41000.0,67006.0,39486.15234375
2016-01-11,40866.69921875,38533.30078125,40600.0,40066.69921875,28993.0,38587.31640625
2016-01-12,41200.0,39733.30078125,40066.69921875,40800.0,20617.0,39293.5390625
2016-01-13,43466.69921875,39933.30078125,40800.0,42866.69921875,114747.0,41283.9296875
2016-01-14,43266.69921875,42000.0,42400.0,43266.69921875,17185.0,41669.16015625
2016-01-15,43666.69921875,42733.30078125,43333.30078125,43266.69921875,39054.0,41669.16015625
2016-01-18,43933.30078125,41400.0,42066.69921875,43866.69921875,57831.0,42247.0078125
2016-01-19,44533.30078125,43133.30078125,43533.30078125,44133.30078125,32143.0,42503.765625
2016-01-20,44333.30078125,41933.30078125,44133.30078125,43733.30078125,35191.0,42118.53125
2016-01-21,43866.69921875,42866.69921875,42933.30078125,43133.30078125,10333.0,41540.68359375
2016-01-22,43666.69921875,42200.0,43000.0,42733.30078125,31932.0,41155.45703125
2016-01-25,43333.30078125,42066.69921875,43000.0,42200.0,22927.0,40641.84765625
2016-01-26,42666.69921875,41933.30078125,42066.69921875,42533.30078125,13662.0,40962.84375
2016-01-27,43133.30078125,41800.0,42266.69921875,42733.30078125,20850.0,41155.45703125
2016-01-28,42933.30078125,41333.30078125,42933.30078125,42000.0,43278.0,40449.23046875
2016-01-29,43533.30078125,41800.0,41933.30078125,43400.0,40540.0,41797.5390625
2016-02-01,43733.30078125,42333.30078125,43533.30078125,42333.30078125,25404.0,40770.2265625
2016-02-02,43333.30078125,41600.0,42866.69921875,42600.0,29764.0,41027.078125
2016-02-03,42733.30078125,41733.30078125,42600.0,41933.30078125,21931.0,40384.99609375
2016-02-04,43000.0,40266.69921875,41600.0,42400.0,66714.0,40834.4609375
2016-02-05,42666.69921875,40800.0,42666.69921875,41666.69921875,42504.0,40128.234375
2016-02-11,41200.0,39866.69921875,39866.69921875,40666.69921875,9418.0,39165.16015625
2016-02-12,40600.0,37600.0,40066.69921875,38066.69921875,32023.0,36661.16015625
2016-02-15,39266.69921875,37266.69921875,38800.0,39133.30078125,52195.0,37688.37890625
2016-02-16,39733.30078125,38466.69921875,39133.30078125,39133.30078125,36459.0,37688.37890625
2016-02-17,39266.69921875,38133.30078125,39133.30078125,39066.69921875,29385.0,37624.23828125
2016-02-18,39200.0,37333.30078125,38866.69921875,39000.0,103942.0,37560.0
2016-02-19,39200.0,38200.0,38666.69921875,38800.0,22069.0,37367.38671875
2016-02-22,40000.0,38333.30078125,40000.0,39866.69921875,55083.0,38394.69921875
2016-02-23,41733.30078125,40000.0,40000.0,41133.30078125,55797.0,39614.53125
2016-02-24,42800.0,40733.30078125,41200.0,42666.69921875,45534.0,41091.3125
2016-02-25,42666.69921875,41600.0,42200.0,42333.30078125,19836.0,40770.2265625
2016-02-26,42733.30078125,41466.69921875,42266.69921875,42666.69921875,22404.0,41091.3125
2016-02-29,42600.0,41333.30078125,42600.0,42400.0,35056.0,40834.4609375
2016-03-02,43133.30078125,41666.69921875,42400.0,43133.30078125,60007.0,41540.68359375
2016-03-03,43333.30078125,42200.0,43133.30078125,42400.0,29794.0,40834.4609375
2016-03-04,42600.0,41733.30078125,42000.0,42333.30078125,24837.0,40770.2265625
2016-03-07,42666.69921875,41666.69921875,42000.0,42466.69921875,13923.0,40898.69921875
2016-03-08,42533.30078125,41666.69921875,42000.0,42133.30078125,17845.0,40577.609375
2016-03-09,43800.0,42066.69921875,42133.30078125,43800.0,50649.0,42182.76953125
2016-03-10,44733.30078125,43266.69921875,43866.69921875,43866.69921875,42093.0,42247.0078125
2016-03-11,43866.69921875,42666.69921875,43533.30078125,43000.0,39306.0,41412.30859375
2016-03-14,43266.69921875,41333.30078125,42600.0,42133.30078125,48489.0,40577.609375
2016-03-15,42466.69921875,41733.30078125,41800.0,42133.30078125,37887.0,40577.609375
2016-03-16,42133.30078125,41466.69921875,42133.30078125,41933.30078125,27835.0,40384.99609375
2016-03-17,42266.69921875,41200.0,41933.30078125,41266.69921875,28677.0,39743.0078125
2016-03-18,41533.30078125,40333.30078125,41200.0,41133.30078125,29692.0,39614.53125
2016-03-21,41466.69921875,39600.0,41133.30078125,41200.0,53062.0,39678.76953125
2016-03-22,40666.69921875,39666.69921875,40533.30078125,39666.69921875,34293.0,38202.08203125
2016-03-23,40466.69921875,39266.69921875,40000.0,40066.69921875,37360.0,38587.31640625
2016-03-24,40000.0,39266.69921875,39800.0,39466.69921875,18378.0,38009.46875
2016-03-25,39533.30078125,39000.0,39066.69921875,39266.69921875,12421.0,37816.85546875
2016-03-28,39466.69921875,38866.69921875,38866.69921875,39000.0,12042.0,37560.0
2016-03-29,39000.0,38266.69921875,39000.0,38600.0,45315.0,37174.76953125
2016-03-30,39000.0,37533.30078125,38866.69921875,38333.30078125,48889.0,36917.91796875
2016-03-31,38666.69921875,37133.30078125,38666.69921875,38200.0,69363.0,36789.5390625
2016-04-01,38266.69921875,36666.69921875,38266.69921875,37466.69921875,86838.0,36083.31640625
2016-04-04,39133.30078125,37066.69921875,37533.30078125,39133.30078125,54504.0,37688.37890625
2016-04-05,38933.30078125,37800.0,38933.30078125,38066.69921875,37474.0,36661.16015625
2016-04-06,38066.69921875,37000.0,37933.30078125,37533.30078125,47250.0,36147.45703125
2016-04-07,37400.0,36466.69921875,37400.0,36466.69921875,45097.0,35120.23828125
2016-04-08,38200.0,34533.30078125,36533.30078125,38000.0,108924.0,36596.921875
2016-04-11,37866.69921875,36066.69921875,37866.69921875,36600.0,46777.0,35248.6171875
2016-04-12,36533.30078125,35466.69921875,36533.30078125,35600.0,61372.0,34285.5390625
2016-04-14,36266.69921875,35200.0,35600.0,35600.0,34291.0,34285.5390625
2016-04-15,36066.69921875,34733.30078125,35266.69921875,35866.69921875,50058.0,34542.390625
2016-04-18,36333.30078125,35066.69921875,35666.69921875,35600.0,47736.0,34285.5390625
2016-04-19,36933.30078125,35200.0,35866.69921875,36666.69921875,42834.0,35312.8515625
2016-04-20,36733.30078125,35733.30078125,36733.30078125,36000.0,42859.0,34670.76953125
2016-04-21,37333.30078125,36000.0,36000.0,37333.30078125,43900.0,35954.83984375
2016-04-22,37533.30078125,36666.69921875,37333.30078125,36800.0,27807.0,35441.23046875
2016-04-25,37533.30078125,36600.0,37000.0,37200.0,24981.0,35826.4609375
2016-04-26,37533.30078125,36600.0,37266.69921875,36733.30078125,30714.0,35376.99609375
2016-04-27,37400.0,36200.0,36733.30078125,36733.30078125,33369.0,35376.99609375
2016-04-28,38733.30078125,36666.69921875,37266.69921875,38066.69921875,46252.0,36661.16015625
2016-04-29,38666.69921875,37466.69921875,38200.0,38200.0,19038.0,36789.5390625
2016-05-02,38466.69921875,37066.69921875,38200.0,37200.0,19864.0,35826.4609375
2016-05-03,37266.69921875,36200.0,37266.69921875,36800.0,29142.0,35441.23046875
2016-05-04,36800.0,36266.69921875,36800.0,36533.30078125,11787.0,35184.37890625
2016-05-09,36666.69921875,36200.0,36200.0,36666.69921875,15081.0,35312.8515625
2016-05-10,37600.0,36266.69921875,36333.30078125,37600.0,21442.0,36211.6953125
2016-05-11,37866.69921875,37000.0,37666.69921875,37666.69921875,16701.0,36275.9296875
2016-05-12,37800.0,37133.30078125,37333.30078125,37666.69921875,11539.0,36275.9296875
2016-05-13,38200.0,37133.30078125,38200.0,37800.0,18090.0,36404.30859375
2016-05-16,38066.69921875,36933.30078125,37666.69921875,37733.30078125,25386.0,36340.07421875
2016-05-17,38133.30078125,37266.69921875,37866.69921875,38066.69921875,26836.0,36661.16015625
2016-05-18,38333.30078125,37733.30078125,38066.69921875,37933.30078125,14376.0,36532.6875
2016-05-19,38066.69921875,37066.69921875,38066.69921875,37333.30078125,14452.0,35954.83984375
2016-05-20,37866.69921875,36600.0,37133.30078125,37200.0,18667.0,35826.4609375
2016-05-23,37333.30078125,36666.69921875,37200.0,36800.0,11319.0,35441.23046875
2016-05-24,36933.30078125,36133.30078125,36866.69921875,36400.0,17068.0,35056.00390625
2016-05-25,37466.69921875,35866.69921875,36333.30078125,37400.0,21859.0,36019.078125
2016-05-26,38000.0,37000.0,37533.30078125,37733.30078125,13665.0,36340.07421875
2016-05-27,38333.30078125,37333.30078125,37333.30078125,38066.69921875,13701.0,36661.16015625
2016-05-30,38200.0,37333.30078125,38133.30078125,37733.30078125,7647.0,36340.07421875
2016-05-31,38133.30078125,36866.69921875,37266.69921875,38133.30078125,27352.0,36725.30078125
2016-06-01,38266.69921875,37533.30078125,38000.0,37533.30078125,17676.0,36147.45703125
2016-06-02,37733.30078125,36666.69921875,37266.69921875,37133.30078125,12483.0,35762.2265625
2016-06-03,37466.69921875,36733.30078125,37133.30078125,37266.69921875,8068.0,35890.69921875
2016-06-07,38066.69921875,37000.0,37000.0,38000.0,8943.0,36596.921875
2016-06-08,39066.69921875,37666.69921875,38000.0,38933.30078125,26980.0,37495.765625
2016-06-09,39333.30078125,38733.30078125,38733.30078125,38800.0,19998.0,37367.38671875
2016-06-10,39933.30078125,38666.69921875,38800.0,39666.69921875,32827.0,38202.08203125
2016-06-13,40333.30078125,38800.0,39933.30078125,40133.30078125,16065.0,38651.45703125
2016-06-14,40466.69921875,39066.69921875,40133.30078125,39733.30078125,23554.0,38266.2265625
2016-06-15,40400.0,39000.0,40000.0,39133.30078125,20953.0,37688.37890625
2016-06-16,39466.69921875,38266.69921875,39466.69921875,39133.30078125,19351.0,37688.37890625
2016-06-17,39733.30078125,37266.69921875,39133.30078125,37933.30078125,47818.0,36532.6875
2016-06-20,38200.0,37400.0,37933.30078125,38200.0,17161.0,36789.5390625
2016-06-21,38200.0,37133.30078125,38200.0,37333.30078125,42952.0,35954.83984375
2016-06-22,38200.0,36866.69921875,37133.30078125,37733.30078125,17989.0,36340.07421875
2016-06-23,37933.30078125,36200.0,37933.30078125,36933.30078125,33961.0,35569.609375
2016-06-24,37200.0,34066.69921875,36933.30078125,34933.30078125,49510.0,33643.45703125
2016-06-27,34866.69921875,34000.0,34400.0,34733.30078125,18940.0,33450.84375
2016-06-28,35400.0,34200.0,34733.30078125,35400.0,16938.0,34092.921875
2016-06-29,36866.69921875,35933.30078125,36200.0,36133.30078125,32355.0,34799.1484375
2016-06-30,36933.30078125,36133.30078125,36600.0,36800.0,25617.0,35441.23046875
2016-07-01,37666.69921875,36533.30078125,36533.30078125,37533.30078125,16041.0,36147.45703125
2016-07-04,38266.69921875,37200.0,37333.30078125,38066.69921875,21586.0,36661.16015625
2016-07-05,37866.69921875,37466.69921875,37866.69921875,37733.30078125,11946.0,36340.07421875
2016-07-06,37333.30078125,36000.0,37333.30078125,36133.30078125,25000.0,34799.1484375
2016-07-07,36466.69921875,35000.0,36466.69921875,36000.0,37953.0,34670.76953125
2016-07-08,35733.30078125,34800.0,35666.69921875,35066.69921875,33196.0,33771.9296875
2016-07-11,35066.69921875,34533.30078125,35000.0,34733.30078125,30510.0,33450.84375
2016-07-12,35400.0,34400.0,34466.69921875,35200.0,27522.0,33900.30859375
2016-07-13,35266.69921875,34466.69921875,35000.0,35200.0,34551.0,33900.30859375
2016-07-14,35200.0,34666.69921875,34800.0,34666.69921875,30069.0,33386.69921875
2016-07-15,34733.30078125,33866.69921875,34666.69921875,34133.30078125,35268.0,32872.99609375
2016-07-18,34133.30078125,33466.69921875,34133.30078125,33466.69921875,37936.0,32231.0078125
2016-07-19,34000.0,33100.0,33666.69921875,33233.30078125,38169.0,32006.2265625
2016-07-20,33400.0,32666.69921875,33100.0,33166.69921875,36012.0,31942.083984375
2016-07-21,33666.69921875,32666.69921875,33066.69921875,32666.69921875,49699.0,31460.54296875
2016-07-22,34000.0,32133.30078125,32600.0,33666.69921875,36045.0,32423.623046875
2016-07-25,34200.0,33166.69921875,33400.0,33733.30078125,25008.0,32487.765625
2016-07-26,34333.30078125,32700.0,33733.30078125,33066.69921875,60582.0,31845.775390625
2016-07-27,33400.0,32700.0,33400.0,32966.69921875,15768.0,31749.466796875
2016-07-28,34133.30078125,32666.69921875,32666.69921875,33866.69921875,42108.0,32616.236328125
2016-07-29,34333.30078125,33200.0,33866.69921875,33600.0,26383.0,32359.38671875
2016-08-01,34800.0,33866.69921875,34200.0,34400.0,58576.0,33129.84375
2016-08-02,35066.69921875,34000.0,34733.30078125,34800.0,27748.0,33515.078125
2016-08-03,34666.69921875,33600.0,34600.0,33666.69921875,29446.0,32423.623046875
2016-08-04,33933.30078125,33466.69921875,33866.69921875,33800.0,15295.0,32552.001953125
2016-08-05,34133.30078125,33333.30078125,33533.30078125,33533.30078125,13348.0,32295.1484375
2016-08-08,33800.0,33166.69921875,33466.69921875,33333.30078125,12463.0,32102.533203125
2016-08-09,33533.30078125,32800.0,33200.0,33233.30078125,20055.0,32006.2265625
2016-08-10,33666.69921875,33033.30078125,33133.30078125,33100.0,13209.0,31877.845703125
2016-08-11,33600.0,32666.69921875,33033.30078125,33533.30078125,23035.0,32295.1484375
2016-08-12,33800.0,33200.0,33333.30078125,33400.0,19024.0,32166.76953125
2016-08-16,33533.30078125,33133.30078125,33400.0,33166.69921875,14017.0,31942.083984375
2016-08-17,33066.69921875,32700.0,32966.69921875,32833.30078125,16077.0,31620.994140625
2016-08-18,33166.69921875,32500.0,32933.30078125,32933.30078125,15736.0,31717.302734375
2016-08-19,33400.0,32866.69921875,32933.30078125,32900.0,14116.0,31685.232421875
2016-08-22,33166.69921875,32666.69921875,32933.30078125,32666.69921875,12838.0,31460.54296875
2016-08-23,32866.69921875,32333.30078125,32533.30078125,32333.30078125,18243.0,31139.45703125
2016-08-24,32900.0,32033.30078125,32166.69921875,32866.69921875,16702.0,31653.16015625
2016-08-25,33266.69921875,32666.69921875,32866.69921875,33133.30078125,14448.0,31909.91796875
2016-08-26,33300.0,32800.0,33266.69921875,32833.30078125,8362.0,31620.994140625
2016-08-29,32866.69921875,32000.0,32533.30078125,32400.0,17070.0,31203.693359375
2016-08-30,33233.30078125,32000.0,32100.0,33166.69921875,16497.0,31942.083984375
2016-08-31,33233.30078125,32200.0,32766.69921875,32866.69921875,14650.0,31653.16015625
2016-09-01,33466.69921875,32366.69921875,32466.69921875,33200.0,19941.0,31974.154296875
2016-09-02,33600.0,32766.69921875,33000.0,33533.30078125,14776.0,32295.1484375
2016-09-05,33733.30078125,33333.30078125,33533.30078125,33400.0,15528.0,32166.76953125
2016-09-06,33733.30078125,32866.69921875,33166.69921875,33100.0,17361.0,31877.845703125
2016-09-07,33266.69921875,32700.0,32866.69921875,32866.69921875,17874.0,31653.16015625
2016-09-08,32866.69921875,32200.0,32766.69921875,32500.0,17724.0,31300.0
2016-09-09,32600.0,32000.0,32166.69921875,32266.69921875,18147.0,31075.314453125
2016-09-12,32433.30078125,31366.69921875,31366.69921875,32400.0,20586.0,31203.693359375
2016-09-13,32400.0,31400.0,32033.30078125,32400.0,48981.0,31203.693359375
2016-09-19,32733.30078125,31800.0,32366.69921875,32133.30078125,22942.0,30946.841796875
2016-09-20,32500.0,31766.69921875,31900.0,32333.30078125,14200.0,31139.45703125
2016-09-21,32466.69921875,31866.69921875,32466.69921875,32133.30078125,19275.0,30946.841796875
2016-09-22,32600.0,32000.0,32066.69921875,32133.30078125,19867.0,30946.841796875
2016-09-23,32666.69921875,32066.69921875,32466.69921875,32633.30078125,12334.0,31428.380859375
2016-09-26,32933.30078125,32300.0,32800.0,32700.0,8323.0,31492.615234375
2016-09-27,32866.69921875,32200.0,32733.30078125,32533.30078125,14074.0,31332.072265625
2016-09-28,32800.0,32200.0,32533.30078125,32566.69921875,13891.0,31364.236328125
2016-09-29,32666.69921875,32200.0,32533.30078125,32266.69921875,14952.0,31075.314453125
2016-09-30,32200.0,31500.0,32200.0,31533.30078125,18712.0,30368.994140625
2016-10-04,32066.69921875,31533.30078125,31533.30078125,31633.30078125,7623.0,30465.302734375
2016-10-05,31933.30078125,30533.30078125,31933.30078125,31000.0,37948.0,29855.38671875
2016-10-06,31533.30078125,29800.0,31000.0,30766.69921875,42433.0,29630.697265625
2016-10-07,30700.0,29166.69921875,30700.0,29266.69921875,57268.0,28186.08203125
2016-10-10,29633.30078125,28533.30078125,29300.0,28866.69921875,31719.0,27800.8515625
2016-10-11,29133.30078125,28400.0,28900.0,29066.69921875,36957.0,27993.46875
2016-10-12,29700.0,28733.30078125,28733.30078125,29233.30078125,20499.0,28153.91796875
2016-10-13,29466.69921875,28666.69921875,29166.69921875,29200.0,11649.0,28121.84765625
2016-10-14,29633.30078125,28933.30078125,29033.30078125,29433.30078125,5817.0,28346.533203125
2016-10-17,29666.69921875,28833.30078125,29666.69921875,28900.0,11979.0,27832.923828125
2016-10-18,28900.0,28433.30078125,28666.69921875,28533.30078125,14545.0,27479.763671875
2016-10-19,28633.30078125,27600.0,28466.69921875,27666.69921875,29676.0,26645.16015625
2016-10-20,27733.30078125,26666.69921875,27433.30078125,27166.69921875,45522.0,26163.62109375
2016-10-21,27533.30078125,26666.69921875,26800.0,26666.69921875,12804.0,25682.083984375
2016-10-24,28866.69921875,26866.69921875,27166.69921875,28133.30078125,32638.0,27094.533203125
2016-10-25,30166.69921875,28433.30078125,28433.30078125,30033.30078125,48061.0,28924.37890625
2016-10-26,30333.30078125,29300.0,30066.69921875,30200.0,24180.0,29084.923828125
2016-10-27,30666.69921875,29566.69921875,30000.0,30466.69921875,14416.0,29341.775390625
2016-10-28,30866.69921875,30266.69921875,30266.69921875,30666.69921875,11901.0,29534.390625
2016-10-31,31066.69921875,30300.0,31000.0,30800.0,13579.0,29662.76953125
2016-11-01,30966.69921875,29866.69921875,30000.0,30733.30078125,12754.0,29598.533203125
2016-11-02,30800.0,30266.69921875,30333.30078125,30333.30078125,9868.0,29213.302734375
2016-11-03,30666.69921875,30000.0,30333.30078125,30300.0,12426.0,29181.23046875
2016-11-04,30633.30078125,29800.0,30033.30078125,29966.69921875,7020.0,28860.23828125
2016-11-07,30700.0,29966.69921875,30466.69921875,30300.0,10473.0,29181.23046875
2016-11-08,30600.0,29966.69921875,30366.69921875,30500.0,2688.0,29373.84765625
2016-11-09,30600.0,27800.0,30500.0,30433.30078125,23616.0,29309.609375
2016-11-10,31133.30078125,30033.30078125,30666.69921875,30333.30078125,28632.0,29213.302734375
2016-11-11,30900.0,30066.69921875,30066.69921875,30533.30078125,15366.0,29405.91796875
2016-11-14,30600.0,30100.0,30300.0,30500.0,10110.0,29373.84765625
2016-11-15,30333.30078125,29533.30078125,30066.69921875,30333.30078125,12076.0,29213.302734375
2016-11-16,30400.0,29666.69921875,30133.30078125,29866.69921875,7189.0,28763.9296875
2016-11-17,30033.30078125,29566.69921875,30033.30078125,29733.30078125,3406.0,28635.45703125
2016-11-18,30166.69921875,28800.0,30066.69921875,28800.0,17772.0,27736.615234375
2016-11-21,29066.69921875,28033.30078125,28366.69921875,28333.30078125,9715.0,27287.1484375
2016-11-22,28666.69921875,27600.0,28166.69921875,28033.30078125,16035.0,26998.224609375
2016-11-23,28200.0,27733.30078125,28133.30078125,27800.0,6615.0,26773.5390625
2016-11-24,27866.69921875,26900.0,27833.30078125,26933.30078125,25777.0,25938.841796875
2016-11-25,27933.30078125,27000.0,27366.69921875,27200.0,14325.0,26195.693359375
2016-11-28,29133.30078125,27600.0,27600.0,28500.0,31369.0,27447.69140625
2016-11-29,30133.30078125,28400.0,28400.0,30133.30078125,20715.0,29020.685546875
2016-11-30,30833.30078125,29800.0,30000.0,30833.30078125,11991.0,29694.841796875
2016-12-01,31366.69921875,30000.0,30333.30078125,31166.69921875,17469.0,30015.9296875
2016-12-02,31433.30078125,30700.0,30700.0,31300.0,7194.0,30144.30859375
2016-12-05,31633.30078125,31033.30078125,31566.69921875,31266.69921875,8677.0,30112.23828125
2016-12-06,31266.69921875,30533.30078125,31166.69921875,31000.0,9877.0,29855.38671875
2016-12-07,31900.0,30933.30078125,31866.69921875,30966.69921875,18484.0,29823.314453125
2016-12-08,31600.0,30000.0,31600.0,30600.0,22135.0,29470.154296875
2016-12-09,30733.30078125,30166.69921875,30600.0,30366.69921875,16084.0,29245.46875
2016-12-12,30700.0,29866.69921875,30466.69921875,30666.69921875,15244.0,29534.390625
2016-12-13,30866.69921875,30100.0,30666.69921875,30133.30078125,20973.0,29020.685546875
2016-12-14,31500.0,30166.69921875,30166.69921875,31166.69921875,49293.0,30015.9296875
2016-12-15,31366.69921875,30500.0,31366.69921875,30900.0,23715.0,29759.076171875
2016-12-16,31233.30078125,30300.0,30900.0,30900.0,17703.0,29759.076171875
2016-12-19,31300.0,30566.69921875,30866.69921875,30700.0,19218.0,29566.462890625
2016-12-20,30766.69921875,30100.0,30766.69921875,30133.30078125,18273.0,29020.685546875
2016-12-21,30600.0,29533.30078125,30233.30078125,30100.0,30775.0,28988.6171875
2016-12-22,30200.0,29833.30078125,30200.0,29933.30078125,11956.0,28828.072265625
2016-12-23,30066.69921875,29800.0,29933.30078125,29866.69921875,8817.0,28763.9296875
2016-12-26,29966.69921875,29266.69921875,29800.0,29266.69921875,20296.0,28186.08203125
2016-12-27,29766.69921875,29066.69921875,29366.69921875,29133.30078125,21109.0,28057.609375
2016-12-28,29666.69921875,29166.69921875,29300.0,29566.69921875,7990.0,29002.62890625
2016-12-29,29866.69921875,29100.0,29733.30078125,29433.30078125,12163.0,28871.775390625
2017-01-02,29800.0,29433.30078125,29433.30078125,29666.69921875,6210.0,29100.720703125
2017-01-03,29966.69921875,29200.0,29966.69921875,29266.69921875,9402.0,28708.3515625
2017-01-04,29433.30078125,28500.0,29366.69921875,28500.0,19965.0,27956.279296875
2017-01-05,28933.30078125,28166.69921875,28666.69921875,28300.0,16075.0,27760.095703125
2017-01-06,28400.0,27766.69921875,28400.0,27766.69921875,21369.0,27236.96875
2017-01-09,27933.30078125,27366.69921875,27933.30078125,27533.30078125,13155.0,27008.0234375
2017-01-10,28433.30078125,27433.30078125,27766.69921875,27900.0,14190.0,27367.7265625
2017-01-11,28466.69921875,27900.0,28133.30078125,28200.0,11157.0,27662.00390625
2017-01-12,28366.69921875,27700.0,28100.0,27733.30078125,9697.0,27204.20703125
2017-01-13,27966.69921875,27533.30078125,27733.30078125,27733.30078125,9742.0,27204.20703125
2017-01-16,28033.30078125,27400.0,27700.0,27600.0,9751.0,27073.44921875
2017-01-17,27700.0,27266.69921875,27400.0,27600.0,16068.0,27073.44921875
2017-01-18,27700.0,27266.69921875,27700.0,27466.69921875,10099.0,26942.69140625
2017-01-19,27600.0,27133.30078125,27566.69921875,27133.30078125,12352.0,26615.654296875
2017-01-20,28833.30078125,27266.69921875,27633.30078125,28100.0,22042.0,27563.91015625
2017-01-23,28000.0,27233.30078125,28000.0,27233.30078125,19359.0,26713.74609375
2017-01-24,27600.0,27000.0,27600.0,27066.69921875,12535.0,26550.32421875
2017-01-25,27200.0,26400.0,27066.69921875,26766.69921875,22086.0,26256.046875
2017-01-26,26933.30078125,26166.69921875,26866.69921875,26300.0,28984.0,25798.251953125
2017-01-31,26533.30078125,25733.30078125,26333.30078125,26400.0,16627.0,25896.34375
2017-02-01,26966.69921875,26400.0,26400.0,26833.30078125,11058.0,26321.376953125
2017-02-02,27266.69921875,26400.0,26400.0,27166.69921875,13531.0,26648.416015625
2017-02-03,27533.30078125,26933.30078125,27066.69921875,27266.69921875,9733.0,26746.5078125
2017-02-06,27333.30078125,26566.69921875,27100.0,26866.69921875,10470.0,26354.138671875
2017-02-07,27000.0,26466.69921875,26966.69921875,26600.0,14652.0,26092.52734375
2017-02-08,26666.69921875,25966.69921875,26666.69921875,26033.30078125,18045.0,25536.640625
2017-02-09,27300.0,25833.30078125,26266.69921875,26000.0,76186.0,25503.974609375
2017-02-10,26633.30078125,25933.30078125,26000.0,26566.69921875,43986.0,26059.86328125
2017-02-13,26566.69921875,25766.69921875,26566.69921875,25966.69921875,55296.0,25471.30859375
2017-02-14,26000.0,25600.0,25966.69921875,25866.69921875,44128.0,25373.216796875
2017-02-15,25966.69921875,25266.69921875,25966.69921875,25866.69921875,45177.0,25373.216796875
2017-02-16,26100.0,25833.30078125,26033.30078125,25900.0,17394.0,25405.8828125
2017-02-17,26033.30078125,25600.0,25900.0,25866.69921875,21612.0,25373.216796875
2017-02-20,25933.30078125,25400.0,25933.30078125,25433.30078125,24247.0,24948.0859375
2017-02-21,25933.30078125,25500.0,25700.0,25900.0,29892.0,25405.8828125
2017-02-22,25933.30078125,25733.30078125,25933.30078125,25900.0,15247.0,25405.8828125
2017-02-23,26933.30078125,25966.69921875,25966.69921875,26533.30078125,42583.0,26027.1015625
2017-02-24,26866.69921875,26500.0,26800.0,26800.0,21828.0,26288.712890625
2017-02-27,26966.69921875,26500.0,26600.0,26533.30078125,14544.0,26027.1015625
2017-02-28,26666.69921875,26466.69921875,26666.69921875,26500.0,12465.0,25994.435546875
2017-03-02,26733.30078125,26533.30078125,26600.0,26666.69921875,13384.0,26157.955078125
2017-03-03,26666.69921875,26033.30078125,26566.69921875,26300.0,22516.0,25798.251953125
2017-03-06,26200.0,25600.0,26200.0,25866.69921875,24222.0,25373.216796875
2017-03-07,26300.0,25800.0,25900.0,26300.0,9108.0,25798.251953125
2017-03-08,26433.30078125,26166.69921875,26333.30078125,26366.69921875,12835.0,25863.677734375
2017-03-09,26433.30078125,26100.0,26400.0,26366.69921875,10324.0,25863.677734375
2017-03-10,26366.69921875,25866.69921875,26366.69921875,26366.69921875,14200.0,25863.677734375
2017-03-13,26366.69921875,26066.69921875,26366.69921875,26300.0,7051.0,25798.251953125
2017-03-14,26366.69921875,25700.0,26366.69921875,25900.0,13602.0,25405.8828125
2017-03-15,26000.0,25500.0,26000.0,25666.69921875,16828.0,25177.033203125
2017-03-16,25800.0,25500.0,25566.69921875,25733.30078125,7674.0,25242.36328125
2017-03-17,25866.69921875,25533.30078125,25733.30078125,25866.69921875,12244.0,25373.216796875
2017-03-20,26000.0,25533.30078125,26000.0,25800.0,9400.0,25307.791015625
2017-03-21,25800.0,25566.69921875,25800.0,25733.30078125,10414.0,25242.36328125
2017-03-22,25733.30078125,25366.69921875,25733.30078125,25533.30078125,23586.0,25046.1796875
2017-03-23,25733.30078125,25400.0,25733.30078125,25666.69921875,15540.0,25177.033203125
2017-03-24,26266.69921875,25666.69921875,25666.69921875,26000.0,26091.0,25503.974609375
2017-03-27,28333.30078125,26966.69921875,27000.0,27300.0,118776.0,26779.173828125
2017-03-28,27466.69921875,26366.69921875,27466.69921875,27033.30078125,36717.0,26517.5625
2017-03-29,27566.69921875,27100.0,27266.69921875,27566.69921875,36975.0,27040.78515625
2017-03-30,28200.0,27500.0,27833.30078125,27900.0,50560.0,27367.7265625
2017-03-31,29333.30078125,28000.0,28000.0,29166.69921875,65719.0,28610.259765625
2017-04-03,30266.69921875,29233.30078125,29533.30078125,29833.30078125,59602.0,29264.14453125
2017-04-04,29833.30078125,29333.30078125,29833.30078125,29333.30078125,26920.0,28773.68359375
2017-04-05,29633.30078125,28466.69921875,29366.69921875,28766.69921875,43639.0,28217.890625
2017-04-06,29733.30078125,28733.30078125,28733.30078125,29733.30078125,68784.0,29166.052734375
2017-04-07,30800.0,28500.0,30350.0,28900.0,91307.0,28348.6484375
2017-04-10,28900.0,27700.0,28900.0,28050.0,27651.0,27514.865234375
2017-04-11,28150.0,27650.0,27650.0,27950.0,30071.0,27416.7734375
2017-04-12,28050.0,27750.0,27900.0,28000.0,13649.0,27465.818359375
2017-04-13,28450.0,27650.0,27900.0,28450.0,15808.0,27907.234375
2017-04-14,28450.0,27600.0,28450.0,28050.0,25327.0,27514.865234375
2017-04-17,28150.0,27850.0,28050.0,28100.0,16690.0,27563.91015625
2017-04-18,28150.0,27700.0,28150.0,28100.0,11703.0,27563.91015625
2017-04-19,28250.0,27600.0,28250.0,27900.0,15991.0,27367.7265625
2017-04-20,28250.0,27550.0,27900.0,28250.0,20123.0,27711.048828125
2017-04-21,28350.0,27850.0,28350.0,28150.0,25278.0,27612.95703125
2017-04-24,28150.0,27700.0,28150.0,28050.0,14092.0,27514.865234375
2017-04-25,28100.0,27750.0,28050.0,28000.0,12007.0,27465.818359375
2017-04-26,27950.0,27650.0,27650.0,27900.0,32913.0,27367.7265625
2017-04-27,27950.0,27600.0,27800.0,27850.0,16216.0,27318.6796875
2017-04-28,27650.0,26950.0,27300.0,27600.0,44437.0,27073.44921875
2017-05-02,27600.0,26950.0,27600.0,27150.0,39948.0,26632.03515625
2017-05-04,27250.0,26850.0,27250.0,27050.0,28021.0,26533.943359375
2017-05-08,27300.0,26500.0,27050.0,27200.0,37803.0,26681.08203125
2017-05-10,27300.0,26800.0,26950.0,26900.0,32072.0,26386.8046875
2017-05-11,27100.0,26700.0,26700.0,27100.0,21158.0,26582.98828125
2017-05-12,27100.0,26650.0,27050.0,26750.0,19711.0,26239.666015625
2017-05-15,27500.0,26800.0,26900.0,27300.0,31052.0,26779.173828125
2017-05-16,29000.0,27200.0,27300.0,28850.0,146937.0,28299.603515625
2017-05-17,29650.0,28450.0,28850.0,29300.0,64258.0,28741.017578125
2017-05-18,31650.0,29050.0,29200.0,31050.0,321244.0,30457.630859375
2017-05-19,31450.0,30750.0,31350.0,31050.0,56169.0,30457.630859375
2017-05-22,31950.0,30850.0,31300.0,31050.0,61815.0,30457.630859375
2017-05-23,31300.0,30650.0,31250.0,30700.0,52882.0,30114.30859375
2017-05-24,31950.0,30700.0,30950.0,31500.0,96464.0,30899.046875
2017-05-25,31650.0,30750.0,31650.0,31400.0,53293.0,30800.953125
2017-05-26,31450.0,30900.0,31400.0,31250.0,41108.0,30653.81640625
2017-05-29,32250.0,31300.0,31500.0,32200.0,110212.0,31585.69140625
2017-05-30,32350.0,31150.0,32100.0,31350.0,66966.0,30751.908203125
2017-05-31,31300.0,30150.0,31200.0,30300.0,83750.0,29721.939453125
2017-06-01,30750.0,30300.0,30600.0,30500.0,38662.0,29918.125
2017-06-02,30900.0,30600.0,30900.0,30900.0,42479.0,30310.4921875
2017-06-05,31450.0,30150.0,31450.0,30400.0,50551.0,29820.03125
2017-06-07,30750.0,30000.0,30400.0,30200.0,34706.0,29623.84765625
2017-06-08,30800.0,30150.0,30800.0,30450.0,36649.0,29869.078125
2017-06-09,32200.0,30450.0,30800.0,32000.0,100800.0,31389.5078125
2017-06-12,32750.0,31500.0,31900.0,31700.0,44485.0,31095.23046875
2017-06-13,32100.0,30950.0,31750.0,31300.0,38800.0,30702.861328125
2017-06-14,31600.0,30900.0,31500.0,31450.0,31130.0,30850.0
2017-06-15,31600.0,30600.0,31600.0,31450.0,45042.0,30850.0
2017-06-16,35500.0,31150.0,31450.0,34000.0,395815.0,33351.3515625
2017-06-19,36200.0,34100.0,34550.0,34500.0,283404.0,33841.8125
2017-06-20,36200.0,34600.0,35000.0,34800.0,165437.0,34136.08984375
2017-06-21,36100.0,33900.0,34700.0,35650.0,157557.0,34969.87109375
2017-06-22,36650.0,34750.0,36150.0,35000.0,172335.0,34332.2734375
2017-06-23,35350.0,34450.0,34800.0,34950.0,61301.0,34283.2265625
2017-06-26,35350.0,34300.0,34950.0,34950.0,319883.0,34283.2265625
2017-06-27,35750.0,34050.0,35450.0,34100.0,96495.0,33449.4453125
2017-06-28,34500.0,33800.0,34100.0,34100.0,42356.0,33449.4453125
2017-06-29,34400.0,33900.0,34400.0,34000.0,26070.0,33351.3515625
2017-06-30,34950.0,33500.0,33900.0,34800.0,64719.0,34136.08984375
2017-07-03,34700.0,33800.0,34700.0,34250.0,44068.0,33596.58203125
2017-07-04,34250.0,33650.0,34000.0,33750.0,24211.0,33106.12109375
2017-07-05,34500.0,33800.0,34200.0,34250.0,38124.0,33596.58203125
2017-07-06,34900.0,33950.0,34000.0,34700.0,40624.0,34037.99609375
2017-07-07,35750.0,34150.0,34700.0,35450.0,95916.0,34773.6875
2017-07-10,35750.0,34800.0,35750.0,35050.0,47997.0,34381.3203125
2017-07-11,35600.0,34800.0,35350.0,35150.0,46229.0,34479.41015625
2017-07-12,35250.0,34300.0,35250.0,34750.0,40569.0,34087.04296875
2017-07-13,36150.0,34900.0,35200.0,36000.0,113734.0,35313.1953125
2017-07-14,36450.0,35350.0,36300.0,35800.0,41873.0,35117.01171875
2017-07-17,35850.0,34800.0,35850.0,35250.0,38096.0,34577.50390625
2017-07-18,35700.0,34450.0,34750.0,35500.0,59107.0,34822.734375
2017-07-19,35700.0,34850.0,35700.0,35200.0,45037.0,34528.45703125
2017-07-20,35500.0,34100.0,35500.0,34850.0,73444.0,34185.13671875
2017-07-21,35100.0,34550.0,34550.0,34800.0,44978.0,34136.08984375
2017-07-24,35200.0,34250.0,35000.0,34600.0,69579.0,33939.90625
2017-07-25,34800.0,34150.0,34400.0,34600.0,104061.0,33939.90625
2017-07-26,34900.0,34200.0,34900.0,34500.0,52368.0,33841.8125
2017-07-27,36100.0,34200.0,34250.0,34400.0,76072.0,33743.71875
2017-07-28,34500.0,33550.0,34200.0,34200.0,57756.0,33547.53515625
2017-07-31,34450.0,33650.0,33650.0,34250.0,37487.0,33596.58203125
2017-08-01,35200.0,34150.0,34150.0,35100.0,49462.0,34430.3671875
2017-08-02,35200.0,34600.0,34700.0,34900.0,24097.0,34234.1796875
2017-08-03,34700.0,32700.0,34700.0,33250.0,108712.0,32615.66015625
2017-08-04,34000.0,33000.0,33250.0,33500.0,31660.0,32860.890625
2017-08-07,34250.0,33100.0,34250.0,33400.0,35259.0,32762.798828125
2017-08-08,33700.0,32900.0,33550.0,33500.0,29349.0,32860.890625
2017-08-09,33500.0,32850.0,33500.0,33000.0,36458.0,32370.4296875
2017-08-10,34000.0,32500.0,32900.0,33600.0,54961.0,32958.984375
2017-08-11,33500.0,32900.0,33500.0,32950.0,43773.0,32321.3828125
2017-08-14,33500.0,32500.0,32850.0,32850.0,36041.0,32223.291015625
2017-08-16,33400.0,32200.0,33400.0,32600.0,96526.0,31978.060546875
2017-08-17,33200.0,31800.0,32750.0,32000.0,44010.0,31389.5078125
2017-08-18,31900.0,31250.0,31750.0,31800.0,34040.0,31193.322265625
2017-08-21,32000.0,30800.0,31800.0,31250.0,40175.0,30653.81640625
2017-08-22,31350.0,30000.0,31150.0,30200.0,118437.0,29623.84765625
2017-08-23,30700.0,29750.0,30200.0,30150.0,63165.0,29574.80078125
2017-08-24,30350.0,29150.0,30150.0,29550.0,93567.0,28986.248046875
2017-08-25,29850.0,28700.0,29700.0,28950.0,118952.0,28397.6953125
2017-08-28,29500.0,28800.0,28800.0,29300.0,44680.0,28741.017578125
2017-08-29,29450.0,28550.0,29100.0,29300.0,41963.0,28741.017578125
2017-08-30,29750.0,29300.0,29300.0,29750.0,51676.0,29182.431640625
2017-08-31,29950.0,29100.0,29900.0,29850.0,87615.0,29280.525390625
2017-09-01,30700.0,29500.0,29800.0,30450.0,65832.0,29869.078125
2017-09-04,29900.0,29450.0,29500.0,29650.0,62010.0,29084.33984375
2017-09-05,30250.0,29200.0,29750.0,30100.0,47493.0,29525.755859375
2017-09-06,30100.0,29550.0,30100.0,29700.0,20405.0,29133.38671875
2017-09-07,30200.0,29300.0,29700.0,30000.0,19020.0,29427.6640625
2017-09-08,30200.0,29650.0,30200.0,29800.0,16724.0,29231.478515625
2017-09-11,30150.0,29450.0,29800.0,29600.0,29459.0,29035.294921875
2017-09-12,29700.0,29250.0,29600.0,29350.0,21255.0,28790.064453125
2017-09-13,30000.0,29300.0,29350.0,30000.0,32516.0,29427.6640625
2017-09-14,30850.0,30000.0,30000.0,30600.0,32519.0,30016.216796875
2017-09-15,30250.0,28150.0,29900.0,28350.0,172123.0,27809.142578125
2017-09-18,28450.0,26850.0,28450.0,27400.0,155610.0,26877.265625
2017-09-19,28150.0,27100.0,27100.0,27900.0,54923.0,27367.7265625
2017-09-20,28150.0,26950.0,28150.0,27050.0,97921.0,26533.943359375
2017-09-21,27400.0,26900.0,27050.0,27200.0,55699.0,26681.08203125
2017-09-25,26550.0,25400.0,26100.0,26000.0,86686.0,25503.974609375
2017-09-26,26000.0,26000.0,26000.0,26000.0,0.0,25503.974609375
2017-09-27,26700.0,25650.0,25750.0,26700.0,40194.0,26190.62109375
2017-09-28,28400.0,26800.0,26850.0,28150.0,75779.0,27612.95703125
2017-09-29,28350.0,27950.0,28000.0,28200.0,41917.0,27662.00390625
2017-10-10,28450.0,28000.0,28450.0,28300.0,25314.0,27760.095703125
2017-10-11,28400.0,28050.0,28400.0,28250.0,20500.0,27711.048828125
2017-10-12,28300.0,26950.0,28250.0,27500.0,47267.0,26975.357421875
2017-10-13,27900.0,26750.0,27600.0,27050.0,52806.0,26533.943359375
2017-10-16,27400.0,26850.0,27400.0,26950.0,24737.0,26435.8515625
2017-10-17,27750.0,26700.0,26700.0,27600.0,23067.0,27073.44921875
2017-10-18,27900.0,27050.0,27600.0,27750.0,24204.0,27220.587890625
2017-10-19,28250.0,27100.0,27750.0,28150.0,29080.0,27612.95703125
2017-10-20,29550.0,28000.0,28000.0,29200.0,81292.0,28642.92578125
2017-10-23,29600.0,28700.0,29600.0,29500.0,49873.0,28937.201171875
2017-10-24,30200.0,29200.0,29400.0,29900.0,70042.0,29329.5703125
2017-10-25,30300.0,29750.0,30150.0,29900.0,30917.0,29329.5703125
2017-10-26,30350.0,29800.0,30200.0,30200.0,41295.0,29623.84765625
2017-10-27,30400.0,30050.0,30200.0,30350.0,42528.0,29770.986328125
2017-10-30,30500.0,29450.0,30450.0,30100.0,34604.0,29525.755859375
2017-10-31,30350.0,29550.0,30350.0,30100.0,24217.0,29525.755859375
2017-11-01,30350.0,29150.0,30350.0,29500.0,39001.0,28937.201171875
2017-11-02,30050.0,29200.0,29550.0,30050.0,19042.0,29476.708984375
2017-11-03,30200.0,28750.0,30200.0,29000.0,40549.0,28446.740234375
2017-11-06,29300.0,28900.0,29200.0,29250.0,21153.0,28691.970703125
2017-11-07,30000.0,29150.0,29400.0,29850.0,26185.0,29280.525390625
2017-11-08,30150.0,29450.0,30150.0,30000.0,20154.0,29427.6640625
2017-11-09,30000.0,29550.0,29900.0,29950.0,32379.0,29378.6171875
2017-11-10,30000.0,29550.0,30000.0,30000.0,29971.0,29427.6640625
2017-11-13,30100.0,29500.0,30100.0,30050.0,37307.0,29476.708984375
2017-11-14,30450.0,29600.0,30000.0,30250.0,51393.0,29672.89453125
2017-11-15,30300.0,29500.0,30250.0,29650.0,43869.0,29084.33984375
2017-11-17,30200.0,29500.0,29750.0,29850.0,28198.0,29280.525390625
2017-11-20,30100.0,29500.0,30100.0,30000.0,22167.0,29427.6640625
2017-11-21,30050.0,29500.0,29750.0,29950.0,29823.0,29378.6171875
2017-11-22,30050.0,29350.0,29950.0,29600.0,33314.0,29035.294921875
2017-11-24,31200.0,30250.0,30450.0,31200.0,56158.0,30604.76953125
2017-11-27,31450.0,30900.0,31450.0,30950.0,42568.0,30359.5390625
2017-11-28,31900.0,31000.0,31200.0,31450.0,61407.0,30850.0
2017-11-29,31500.0,31150.0,31450.0,31400.0,21896.0,30800.953125
2017-11-30,31600.0,31050.0,31450.0,31500.0,40870.0,30899.046875
2017-12-01,31800.0,30950.0,31200.0,31300.0,31142.0,30702.861328125
2017-12-04,31850.0,30500.0,31250.0,31600.0,45954.0,30997.138671875
2017-12-05,32800.0,31150.0,31150.0,32400.0,69372.0,31781.876953125
2017-12-06,33500.0,32500.0,32600.0,32650.0,74580.0,32027.107421875
2017-12-07,33300.0,31800.0,33000.0,32350.0,65566.0,31732.830078125
2017-12-08,32900.0,31850.0,32400.0,32850.0,53835.0,32223.291015625
2017-12-11,33100.0,31850.0,32950.0,32900.0,76583.0,32272.337890625
2017-12-12,33050.0,32550.0,32550.0,32750.0,32884.0,32125.19921875
2017-12-13,33000.0,32200.0,32750.0,32550.0,46852.0,31929.013671875
2017-12-14,32800.0,31900.0,32600.0,31900.0,33543.0,31291.416015625
2017-12-15,32700.0,32000.0,32700.0,32700.0,39998.0,32076.15234375
2017-12-18,33050.0,32300.0,32700.0,32900.0,41019.0,32272.337890625
2017-12-19,33150.0,32350.0,32900.0,32450.0,12775.0,31830.921875
2017-12-21,32750.0,31300.0,32200.0,32450.0,35399.0,31830.921875
2017-12-22,32450.0,31850.0,32450.0,32200.0,29632.0,31585.69140625
2017-12-26,32350.0,31450.0,32200.0,31450.0,56099.0,30850.0
2017-12-27,32500.0,30850.0,30900.0,32000.0,51612.0,32000.0
2017-12-28,33900.0,31750.0,32400.0,33650.0,88347.0,33650.0
2018-01-03,34700.0,34050.0,34700.0,34500.0,36727.0,34500.0
2018-01-04,35200.0,33500.0,34500.0,33600.0,51815.0,33600.0
2018-01-05,34300.0,33100.0,33350.0,33700.0,23662.0,33700.0
2018-01-08,33600.0,31450.0,33600.0,31600.0,84459.0,31600.0
2018-01-09,32350.0,31200.0,31950.0,32050.0,49235.0,32050.0
2018-01-10,32400.0,31300.0,31800.0,31350.0,42124.0,31350.0
2018-01-11,31750.0,31150.0,31500.0,31300.0,31682.0,31300.0
2018-01-12,32200.0,31050.0,31300.0,31850.0,31846.0,31850.0
2018-01-15,32850.0,31650.0,31850.0,32350.0,39815.0,32350.0
2018-01-16,32550.0,31700.0,32350.0,32400.0,35719.0,32400.0
2018-01-17,32500.0,31600.0,32300.0,31750.0,25556.0,31750.0
2018-01-18,32350.0,31500.0,31600.0,32100.0,28439.0,32100.0
2018-01-19,32500.0,31600.0,32500.0,31650.0,27467.0,31650.0
2018-01-22,32050.0,30950.0,31500.0,30950.0,22351.0,30950.0
2018-01-23,31800.0,31000.0,31000.0,31750.0,14396.0,31750.0
2018-01-24,32300.0,31550.0,31900.0,32200.0,19436.0,32200.0
2018-01-25,32450.0,31750.0,32450.0,32100.0,12274.0,32100.0
2018-01-26,32300.0,31350.0,32300.0,31900.0,52003.0,31900.0
2018-01-29,32850.0,31900.0,32250.0,32850.0,48699.0,32850.0
2018-01-30,33250.0,32650.0,32850.0,32950.0,32109.0,32950.0
2018-01-31,33350.0,32300.0,32850.0,33150.0,20771.0,33150.0
2018-02-01,34100.0,32800.0,33050.0,33800.0,48606.0,33800.0
2018-02-02,34000.0,33200.0,34000.0,33550.0,33212.0,33550.0
2018-02-05,33300.0,31900.0,32700.0,32600.0,45241.0,32600.0
2018-02-06,33000.0,31200.0,31900.0,32700.0,36003.0,32700.0
2018-02-07,33000.0,31150.0,33000.0,31150.0,32612.0,31150.0
2018-02-08,31800.0,31050.0,31050.0,31300.0,24665.0,31300.0
2018-02-09,31600.0,30600.0,30900.0,31250.0,31266.0,31250.0
2018-02-12,31700.0,30900.0,31300.0,30950.0,18219.0,30950.0
2018-02-13,31750.0,29600.0,31050.0,29600.0,54882.0,29600.0
2018-02-14,29900.0,28500.0,29600.0,28700.0,68423.0,28700.0
2018-02-19,29750.0,28800.0,29000.0,29150.0,44289.0,29150.0
2018-02-20,30000.0,29100.0,29550.0,29100.0,40962.0,29100.0
2018-02-21,29500.0,29050.0,29500.0,29100.0,26840.0,29100.0
2018-02-22,29500.0,29000.0,29400.0,29100.0,20166.0,29100.0
2018-02-23,29750.0,29100.0,29350.0,29600.0,9307.0,29600.0
2018-02-26,29900.0,29450.0,29900.0,29450.0,14714.0,29450.0
2018-02-27,30800.0,29500.0,29900.0,30050.0,23550.0,30050.0
2018-02-28,30800.0,30000.0,30800.0,30450.0,37219.0,30450.0
2018-03-02,30500.0,29800.0,30200.0,29900.0,10120.0,29900.0
2018-03-05,30050.0,29050.0,30000.0,29150.0,22022.0,29150.0
2018-03-06,30500.0,29100.0,29850.0,30100.0,17563.0,30100.0
2018-03-07,30650.0,29400.0,30100.0,29800.0,21988.0,29800.0
2018-03-08,30400.0,29800.0,30100.0,29800.0,10280.0,29800.0
2018-03-09,30000.0,29500.0,29600.0,29650.0,27041.0,29650.0
2018-03-12,31350.0,29900.0,30000.0,30600.0,68974.0,30600.0
2018-03-13,31150.0,30200.0,31150.0,30400.0,41599.0,30400.0
2018-03-14,31150.0,30100.0,30600.0,30550.0,37433.0,30550.0
2018-03-15,31150.0,30200.0,30700.0,30700.0,25204.0,30700.0
2018-03-16,30800.0,29750.0,30650.0,30400.0,32368.0,30400.0
2018-03-19,30200.0,29100.0,30200.0,29500.0,52027.0,29500.0
2018-03-20,29800.0,29100.0,29550.0,29400.0,20322.0,29400.0
2018-03-21,29650.0,28450.0,29500.0,28550.0,51545.0,28550.0
2018-03-22,28750.0,28150.0,28650.0,28150.0,46423.0,28150.0
2018-03-23,27950.0,27450.0,27950.0,27450.0,39047.0,27450.0
2018-03-26,27750.0,26700.0,27450.0,27300.0,58077.0,27300.0
2018-03-27,28600.0,26900.0,27400.0,28300.0,48619.0,28300.0
2018-03-28,28300.0,27500.0,28300.0,27950.0,9756.0,27950.0
2018-03-29,29000.0,27700.0,27900.0,28900.0,21436.0,28900.0
2018-03-30,29050.0,28750.0,28900.0,28900.0,6564.0,28900.0
2018-04-02,29050.0,28300.0,28900.0,29050.0,16233.0,29050.0
2018-04-03,29300.0,28500.0,28800.0,28950.0,11093.0,28950.0
2018-04-04,29050.0,28400.0,28950.0,28850.0,12543.0,28850.0
2018-04-05,29400.0,28850.0,28850.0,29150.0,13533.0,29150.0
2018-04-06,29200.0,28650.0,28950.0,29100.0,7511.0,29100.0
2018-04-09,29450.0,27800.0,28600.0,29200.0,40610.0,29200.0
2018-04-10,29050.0,28100.0,28950.0,28400.0,31325.0,28400.0
2018-04-11,29050.0,27450.0,28500.0,28500.0,49539.0,28500.0
2018-04-12,28650.0,27900.0,28650.0,27950.0,32387.0,27950.0
2018-04-13,28250.0,27600.0,27900.0,28000.0,27889.0,28000.0
2018-04-16,28300.0,27650.0,28100.0,28200.0,24807.0,28200.0
2018-04-17,28550.0,27400.0,28500.0,27800.0,50456.0,27800.0
2018-04-18,28400.0,27700.0,28250.0,28150.0,32954.0,28150.0
2018-04-19,28350.0,27600.0,27950.0,28150.0,39357.0,28150.0
2018-04-20,29000.0,28100.0,28150.0,28950.0,21886.0,28950.0
2018-04-23,29700.0,29000.0,29000.0,29650.0,32545.0,29650.0
2018-04-24,29850.0,29000.0,29650.0,29650.0,27339.0,29650.0
2018-04-25,29650.0,29000.0,29650.0,29150.0,14347.0,29150.0
2018-04-26,29450.0,28750.0,29450.0,29000.0,23624.0,29000.0
2018-04-27,29600.0,28900.0,29400.0,29500.0,18965.0,29500.0
2018-04-30,29800.0,29100.0,29750.0,29600.0,20272.0,29600.0
2018-05-02,31450.0,29800.0,30550.0,30850.0,100833.0,30850.0
2018-05-03,30900.0,30150.0,30850.0,30650.0,26913.0,30650.0
2018-05-04,31650.0,30650.0,31000.0,31450.0,64541.0,31450.0
2018-05-08,31700.0,30450.0,31700.0,30450.0,41966.0,30450.0
2018-05-09,30750.0,29000.0,30450.0,30300.0,41533.0,30300.0
2018-05-10,31200.0,29600.0,30450.0,30800.0,24870.0,30800.0
2018-05-11,31450.0,30350.0,30800.0,31400.0,29221.0,31400.0
2018-05-14,32000.0,31250.0,31700.0,31650.0,53762.0,31650.0
2018-05-15,32100.0,30950.0,31800.0,31500.0,23710.0,31500.0
2018-05-16,31600.0,30100.0,30850.0,31550.0,41004.0,31550.0
2018-05-17,31850.0,30500.0,31550.0,30900.0,33516.0,30900.0
2018-05-18,31300.0,30350.0,31300.0,30400.0,23007.0,30400.0
2018-05-21,30400.0,29800.0,30100.0,29950.0,17934.0,29950.0
2018-05-23,30200.0,29300.0,29950.0,30000.0,20630.0,30000.0
2018-05-24,30450.0,29750.0,30450.0,30200.0,16839.0,30200.0
2018-05-25,30350.0,29550.0,30250.0,30100.0,19866.0,30100.0
2018-05-28,32450.0,30450.0,30950.0,32400.0,137316.0,32400.0
2018-05-29,32600.0,31400.0,32600.0,32150.0,75597.0,32150.0
2018-05-30,31850.0,30950.0,31800.0,31700.0,45714.0,31700.0
2018-05-31,33000.0,31650.0,31700.0,32600.0,96363.0,32600.0
2018-06-01,32800.0,31450.0,32350.0,32550.0,69411.0,32550.0
2018-06-04,32900.0,31950.0,32050.0,32650.0,43499.0,32650.0
2018-06-05,32950.0,32600.0,32650.0,32850.0,42248.0,32850.0
2018-06-07,33150.0,32650.0,32900.0,32700.0,46231.0,32700.0
2018-06-08,32900.0,32300.0,32600.0,32600.0,24830.0,32600.0
2018-06-11,32900.0,32050.0,32700.0,32500.0,34056.0,32500.0
2018-06-12,32750.0,32000.0,32500.0,32650.0,15595.0,32650.0
2018-06-14,32900.0,31600.0,32600.0,32900.0,32051.0,32900.0
2018-06-15,32800.0,32200.0,32800.0,32400.0,20788.0,32400.0
2018-06-18,32850.0,31250.0,32400.0,32400.0,30723.0,32400.0
2018-06-19,32700.0,32000.0,32400.0,32200.0,34081.0,32200.0
2018-06-20,32400.0,31450.0,31550.0,32300.0,22522.0,32300.0
2018-06-21,32300.0,30750.0,32300.0,30900.0,13669.0,30900.0
2018-06-22,31400.0,30850.0,30900.0,31400.0,41258.0,31400.0
2018-06-25,31850.0,31100.0,31850.0,31600.0,8829.0,31600.0
2018-06-26,31900.0,30900.0,31450.0,31800.0,15395.0,31800.0
2018-06-27,31800.0,31150.0,31650.0,31200.0,9416.0,31200.0
2018-06-28,31750.0,30750.0,31050.0,31000.0,12295.0,31000.0
2018-06-29,31350.0,30500.0,30900.0,31000.0,6523.0,31000.0
2018-07-02,31100.0,30500.0,30800.0,30800.0,9141.0,30800.0
2018-07-03,31200.0,29900.0,30700.0,30900.0,20770.0,30900.0
2018-07-04,33000.0,30900.0,31000.0,31200.0,40674.0,31200.0
2018-07-05,32300.0,31100.0,31100.0,31900.0,36447.0,31900.0
2018-07-06,32800.0,31500.0,31900.0,32500.0,23758.0,32500.0
2018-07-09,32900.0,32150.0,32900.0,32700.0,23467.0,32700.0
2018-07-10,33100.0,32450.0,33000.0,32900.0,26010.0,32900.0
2018-07-11,32900.0,32050.0,32900.0,32600.0,9793.0,32600.0
2018-07-12,33150.0,32050.0,32450.0,33050.0,35722.0,33050.0
2018-07-13,33150.0,32600.0,33150.0,33100.0,31686.0,33100.0
2018-07-16,33250.0,32350.0,33200.0,32700.0,19224.0,32700.0
2018-07-17,33050.0,32250.0,32700.0,32750.0,18849.0,32750.0
2018-07-18,33050.0,32450.0,32450.0,33000.0,11209.0,33000.0
2018-07-19,32900.0,32250.0,32900.0,32450.0,10157.0,32450.0
2018-07-20,33000.0,31650.0,32200.0,31900.0,7931.0,31900.0
2018-07-23,32850.0,30900.0,31900.0,31800.0,26213.0,31800.0
2018-07-24,32100.0,31100.0,31100.0,31850.0,8341.0,31850.0
2018-07-25,31900.0,31450.0,31700.0,31500.0,8140.0,31500.0
2018-07-26,31900.0,31100.0,31500.0,31750.0,13339.0,31750.0
2018-07-27,32100.0,31700.0,31750.0,32100.0,6151.0,32100.0
2018-07-30,32900.0,31950.0,32250.0,32600.0,14056.0,32600.0
2018-07-31,33000.0,32000.0,32400.0,33000.0,21434.0,33000.0
2018-08-01,33050.0,32200.0,33000.0,33050.0,21948.0,33050.0
2018-08-02,33200.0,32600.0,33150.0,33000.0,8956.0,33000.0
2018-08-03,33400.0,32700.0,33400.0,33000.0,16646.0,33000.0
2018-08-06,33400.0,32600.0,33400.0,33050.0,17830.0,33050.0
2018-08-07,33300.0,32050.0,33300.0,32300.0,13341.0,32300.0
2018-08-08,32900.0,32150.0,32300.0,32750.0,5525.0,32750.0
2018-08-09,32900.0,32200.0,32500.0,32900.0,8219.0,32900.0
2018-08-10,33000.0,32300.0,32950.0,32350.0,8087.0,32350.0
2018-08-13,32500.0,31400.0,32500.0,32050.0,26845.0,32050.0
2018-08-14,33200.0,31750.0,32900.0,32350.0,23513.0,32350.0
2018-08-16,32500.0,31750.0,32500.0,32300.0,15446.0,32300.0
2018-08-17,32650.0,31550.0,32650.0,32350.0,19537.0,32350.0
2018-08-20,32350.0,31750.0,32000.0,32200.0,17284.0,32200.0
2018-08-21,32900.0,31900.0,32350.0,32450.0,25172.0,32450.0
2018-08-22,32650.0,32100.0,32550.0,32200.0,9803.0,32200.0
2018-08-23,32600.0,32200.0,32300.0,32250.0,12299.0,32250.0
2018-08-24,32550.0,32050.0,32550.0,32200.0,9470.0,32200.0
2018-08-27,32450.0,32050.0,32200.0,32400.0,9647.0,32400.0
2018-08-28,32700.0,32100.0,32600.0,32550.0,12990.0,32550.0
2018-08-29,32650.0,32200.0,32500.0,32500.0,7021.0,32500.0
2018-08-30,32500.0,31800.0,32500.0,31900.0,10080.0,31900.0
2018-08-31,32500.0,31350.0,32500.0,31650.0,19712.0,31650.0
2018-09-03,31650.0,30800.0,31650.0,31050.0,19199.0,31050.0
2018-09-04,31150.0,30350.0,31050.0,31050.0,21978.0,31050.0
2018-09-05,31100.0,30650.0,31100.0,30700.0,6880.0,30700.0
2018-09-06,31050.0,30700.0,30700.0,30950.0,4156.0,30950.0
2018-09-07,30900.0,30000.0,30850.0,30300.0,16661.0,30300.0
2018-09-10,30950.0,30100.0,30800.0,30700.0,9944.0,30700.0
2018-09-11,31700.0,30700.0,30700.0,31350.0,11729.0,31350.0
2018-09-12,31750.0,31050.0,31750.0,31300.0,6602.0,31300.0
2018-09-13,31500.0,31000.0,31300.0,31450.0,10435.0,31450.0
2018-09-14,31950.0,31200.0,31600.0,31750.0,17017.0,31750.0
2018-09-17,32250.0,31600.0,32050.0,32000.0,15753.0,32000.0
2018-09-18,32250.0,30950.0,31900.0,31200.0,29026.0,31200.0
2018-09-19,32250.0,30350.0,30500.0,32100.0,38036.0,32100.0
2018-09-20,33850.0,32050.0,32150.0,32400.0,69132.0,32400.0
2018-09-21,33300.0,32400.0,32400.0,33250.0,25490.0,33250.0
2018-09-27,34800.0,32800.0,33250.0,34600.0,48286.0,34600.0
2018-09-28,34800.0,34350.0,34600.0,34600.0,26579.0,34600.0
2018-10-01,36650.0,34600.0,35000.0,36650.0,122518.0,36650.0
2018-10-02,38350.0,36300.0,36650.0,37400.0,111318.0,37400.0
2018-10-04,38000.0,35000.0,38000.0,36400.0,55627.0,36400.0
2018-10-05,36400.0,35050.0,36400.0,35550.0,13737.0,35550.0
2018-10-08,35450.0,34400.0,35450.0,34450.0,18842.0,34450.0
2018-10-10,35000.0,33000.0,34450.0,33150.0,39939.0,33150.0
2018-10-11,34400.0,32050.0,32900.0,32850.0,27844.0,32850.0
2018-10-12,33750.0,32200.0,32200.0,33700.0,20476.0,33700.0
2018-10-15,33900.0,33100.0,33700.0,33850.0,8194.0,33850.0
2018-10-16,34200.0,33150.0,33850.0,33800.0,6867.0,33800.0
2018-10-17,34200.0,33400.0,34050.0,33700.0,5826.0,33700.0
2018-10-18,33950.0,32600.0,33950.0,32700.0,10323.0,32700.0
2018-10-19,32500.0,30000.0,32500.0,31650.0,11530.0,31650.0
2018-10-22,31850.0,31100.0,31400.0,31650.0,6572.0,31650.0
2018-10-23,31750.0,30700.0,31350.0,31650.0,55092.0,31650.0
2018-10-24,32000.0,30950.0,31700.0,31450.0,16455.0,31450.0
2018-10-25,31450.0,30600.0,31000.0,31000.0,6461.0,31000.0
2018-10-26,31000.0,29450.0,31000.0,30350.0,18430.0,30350.0
2018-10-29,31000.0,29600.0,30000.0,29600.0,14262.0,29600.0
2018-10-30,30800.0,29200.0,29350.0,30250.0,16006.0,30250.0
2018-10-31,30600.0,29700.0,30550.0,30600.0,11218.0,30600.0
2018-11-01,31850.0,30150.0,30600.0,30750.0,12851.0,30750.0
2018-11-02,31900.0,30750.0,30750.0,31350.0,19850.0,31350.0
2018-11-05,31450.0,30200.0,31450.0,30300.0,10249.0,30300.0
2018-11-06,30950.0,30200.0,30950.0,30550.0,8079.0,30550.0
2018-11-07,32050.0,28650.0,30800.0,29150.0,183150.0,29150.0
2018-11-08,30400.0,28650.0,29400.0,29300.0,122782.0,29300.0
2018-11-09,29400.0,28800.0,29400.0,29200.0,79047.0,29200.0
2018-11-12,29400.0,28800.0,29400.0,29400.0,65639.0,29400.0
2018-11-13,29150.0,27850.0,29150.0,28400.0,49973.0,28400.0
2018-11-14,28400.0,27850.0,28000.0,28250.0,64129.0,28250.0
2018-11-16,27400.0,26800.0,26900.0,27100.0,56972.0,27100.0
2018-11-19,27400.0,26650.0,27400.0,26900.0,31301.0,26900.0
2018-11-20,26900.0,26000.0,26750.0,26150.0,43656.0,26150.0
2018-11-21,26050.0,25400.0,26050.0,25650.0,77101.0,25650.0
2018-11-22,25900.0,24950.0,25650.0,25100.0,61325.0,25100.0
2018-11-23,25200.0,23850.0,25100.0,23950.0,76409.0,23950.0
2018-11-26,25350.0,23700.0,23950.0,25200.0,63798.0,25200.0
2018-11-27,26750.0,25100.0,25800.0,26150.0,110606.0,26150.0
2018-11-28,27550.0,26000.0,26000.0,27200.0,75230.0,27200.0
2018-11-29,27700.0,26850.0,27500.0,27450.0,41462.0,27450.0
2018-11-30,28550.0,27200.0,27450.0,28550.0,48561.0,28550.0
2018-12-03,28750.0,27950.0,28550.0,28500.0,54342.0,28500.0
2018-12-04,28700.0,27750.0,28150.0,27850.0,35976.0,27850.0
2018-12-05,27800.0,26900.0,27800.0,27100.0,30723.0,27100.0
2018-12-06,28050.0,27000.0,27100.0,28000.0,244477.0,28000.0
2018-12-07,28850.0,27550.0,28050.0,28100.0,23295.0,28100.0
2018-12-10,28250.0,26950.0,28250.0,27650.0,32158.0,27650.0
2018-12-11,27900.0,27200.0,27650.0,27500.0,26405.0,27500.0
2018-12-12,28400.0,27250.0,27500.0,28300.0,33428.0,28300.0
2018-12-13,28550.0,27900.0,28550.0,27900.0,16853.0,27900.0
2018-12-14,28400.0,26900.0,27900.0,27000.0,21609.0,27000.0
2018-12-17,27400.0,26550.0,27000.0,27400.0,17148.0,27400.0
2018-12-18,27400.0,26850.0,27250.0,26900.0,17482.0,26900.0
2018-12-19,27350.0,26750.0,27050.0,27250.0,12724.0,27250.0
2018-12-20,27450.0,26800.0,27250.0,26950.0,17163.0,26950.0
2018-12-21,27150.0,26700.0,26900.0,26700.0,18708.0,26700.0
2018-12-24,27200.0,26100.0,26700.0,26600.0,15010.0,26600.0
2018-12-26,26550.0,25900.0,26000.0,26050.0,18000.0,26050.0
2018-12-27,27200.0,25850.0,25900.0,27200.0,13570.0,27200.0
2018-12-28,27200.0,26500.0,26950.0,26750.0,18720.0,26750.0
2019-01-02,27300.0,26650.0,26900.0,27200.0,22386.0,27200.0
2019-01-03,27200.0,25900.0,27200.0,26150.0,29503.0,26150.0
2019-01-04,26400.0,25250.0,26400.0,26200.0,24581.0,26200.0
2019-01-07,27000.0,25950.0,26200.0,26250.0,16411.0,26250.0
2019-01-08,26750.0,26000.0,26000.0,26700.0,16715.0,26700.0
2019-01-09,27300.0,26350.0,26350.0,26650.0,13629.0,26650.0
2019-01-10,26950.0,26050.0,26750.0,26950.0,19893.0,26950.0
2019-01-11,27500.0,26800.0,26950.0,27450.0,15329.0,27450.0
2019-01-14,28050.0,27450.0,27450.0,27800.0,11198.0,27800.0
2019-01-15,28250.0,27800.0,27800.0,27850.0,24460.0,27850.0
2019-01-16,28300.0,27700.0,27800.0,28300.0,12217.0,28300.0
2019-01-17,28400.0,27650.0,28400.0,27650.0,7560.0,27650.0
2019-01-18,29350.0,27450.0,27700.0,29350.0,36164.0,29350.0
2019-01-21,29200.0,28500.0,28800.0,29000.0,33376.0,29000.0
2019-01-22,29150.0,28700.0,29000.0,28900.0,19972.0,28900.0
2019-01-23,29350.0,28400.0,28900.0,28950.0,19496.0,28950.0
2019-01-24,29550.0,28750.0,28950.0,29500.0,39823.0,29500.0
2019-01-25,29600.0,29150.0,29500.0,29400.0,18530.0,29400.0
2019-01-28,29600.0,29050.0,29400.0,29200.0,15395.0,29200.0
2019-01-29,29200.0,28900.0,29200.0,29100.0,14030.0,29100.0
2019-01-30,29350.0,28450.0,28900.0,29000.0,16832.0,29000.0
2019-01-31,29600.0,28800.0,29200.0,29600.0,20283.0,29600.0
2019-02-01,29650.0,29250.0,29600.0,29550.0,8891.0,29550.0
2019-02-07,30550.0,29750.0,30100.0,30550.0,40835.0,30550.0
2019-02-08,30550.0,30000.0,30550.0,30500.0,15268.0,30500.0
2019-02-11,30650.0,29750.0,30500.0,30300.0,15424.0,30300.0
2019-02-12,30850.0,30200.0,30300.0,30350.0,12561.0,30350.0
2019-02-13,30500.0,30150.0,30350.0,30400.0,13300.0,30400.0
2019-02-14,30600.0,30000.0,30600.0,30200.0,6646.0,30200.0
2019-02-15,30500.0,29450.0,30000.0,29750.0,24781.0,29750.0
2019-02-18,30400.0,29800.0,29800.0,30100.0,13650.0,30100.0
2019-02-19,30200.0,29700.0,29750.0,29900.0,9173.0,29900.0
2019-02-20,30600.0,29700.0,29850.0,30500.0,16020.0,30500.0
2019-02-21,30750.0,29950.0,30500.0,30150.0,16085.0,30150.0
2019-02-22,30450.0,29850.0,30000.0,30300.0,11703.0,30300.0
2019-02-25,30650.0,30250.0,30300.0,30600.0,15952.0,30600.0
2019-02-26,30750.0,30050.0,30750.0,30300.0,21982.0,30300.0
2019-02-27,30350.0,30000.0,30100.0,30050.0,12068.0,30050.0
2019-02-28,30300.0,29600.0,30300.0,30050.0,15911.0,30050.0
2019-03-04,30350.0,29750.0,29850.0,29850.0,17667.0,29850.0
2019-03-05,30150.0,29600.0,29800.0,29700.0,11793.0,29700.0
2019-03-06,30200.0,29750.0,29850.0,30000.0,11629.0,30000.0
2019-03-07,30200.0,29600.0,30000.0,29950.0,14651.0,29950.0
2019-03-08,30050.0,29500.0,29950.0,30000.0,12460.0,30000.0
2019-03-11,30200.0,29750.0,30000.0,30000.0,11458.0,30000.0
2019-03-12,30400.0,30000.0,30200.0,30350.0,12981.0,30350.0
2019-03-13,31000.0,30300.0,30450.0,31000.0,27802.0,31000.0
2019-03-14,31650.0,30850.0,30900.0,31450.0,23063.0,31450.0
2019-03-15,31850.0,31400.0,31450.0,31800.0,25829.0,31800.0
2019-03-18,32100.0,31700.0,31800.0,31850.0,14475.0,31850.0
2019-03-19,31950.0,31300.0,31850.0,31500.0,26066.0,31500.0
2019-03-20,31650.0,30600.0,31000.0,31550.0,17337.0,31550.0
2019-03-21,31950.0,31350.0,31600.0,31750.0,11872.0,31750.0
2019-03-22,31850.0,30900.0,31750.0,31200.0,4029.0,31200.0
2019-03-25,31050.0,29950.0,31050.0,30600.0,16384.0,30600.0
2019-03-26,30650.0,29750.0,30600.0,30600.0,16068.0,30600.0
2019-03-27,30900.0,30000.0,30900.0,30650.0,13420.0,30650.0
2019-03-28,30800.0,30000.0,30800.0,30650.0,15300.0,30650.0
2019-03-29,31200.0,30150.0,30150.0,30500.0,9481.0,30500.0
2019-04-01,30950.0,29800.0,30500.0,29850.0,14810.0,29850.0
2019-04-02,30150.0,28500.0,30150.0,29500.0,22639.0,29500.0
2019-04-03,29900.0,29350.0,29350.0,29650.0,8966.0,29650.0
2019-04-04,29950.0,29000.0,29650.0,29650.0,15982.0,29650.0
2019-04-05,29900.0,29050.0,29900.0,29200.0,12302.0,29200.0
2019-04-08,29650.0,29000.0,29200.0,29250.0,11219.0,29250.0
2019-04-09,29600.0,29150.0,29300.0,29500.0,11486.0,29500.0
2019-04-10,29950.0,29200.0,29250.0,29650.0,15758.0,29650.0
2019-04-11,29950.0,29300.0,29300.0,29600.0,11323.0,29600.0
2019-04-12,29750.0,29100.0,29600.0,29650.0,16559.0,29650.0
2019-04-15,30050.0,29350.0,29900.0,30000.0,15751.0,30000.0
2019-04-16,30500.0,29550.0,29900.0,30200.0,20424.0,30200.0
2019-04-17,31200.0,30000.0,30600.0,30900.0,21850.0,30900.0
2019-04-18,31250.0,30300.0,31200.0,30550.0,10538.0,30550.0
2019-04-19,30700.0,29500.0,30550.0,29500.0,24072.0,29500.0
2019-04-22,31200.0,29500.0,29500.0,29900.0,46845.0,29900.0
2019-04-23,30850.0,30100.0,30100.0,30850.0,12401.0,30850.0
2019-04-24,31200.0,30050.0,31200.0,30200.0,8701.0,30200.0
2019-04-25,30600.0,29450.0,30200.0,30000.0,14157.0,30000.0
2019-04-26,30450.0,29300.0,30450.0,29500.0,9067.0,29500.0
2019-04-29,29750.0,29000.0,29500.0,29500.0,14359.0,29500.0
2019-04-30,29550.0,29100.0,29200.0,29500.0,7499.0,29500.0
2019-05-02,30400.0,29600.0,29750.0,30100.0,19531.0,30100.0
2019-05-03,30450.0,29600.0,30100.0,29950.0,16097.0,29950.0
2019-05-07,30200.0,29500.0,29750.0,30000.0,24496.0,30000.0
2019-05-08,30400.0,29700.0,30000.0,30350.0,10453.0,30350.0
2019-05-09,30500.0,29700.0,30500.0,30050.0,16980.0,30050.0
2019-05-10,31200.0,29750.0,30050.0,30000.0,28162.0,30000.0
2019-05-13,30400.0,29300.0,29700.0,29400.0,16339.0,29400.0
2019-05-14,30250.0,28700.0,28800.0,30150.0,10589.0,30150.0
2019-05-15,30100.0,29150.0,29700.0,29800.0,29777.0,29800.0
2019-05-16,30000.0,29300.0,29750.0,29600.0,8524.0,29600.0
2019-05-17,29900.0,29500.0,29600.0,29500.0,6454.0,29500.0
2019-05-20,29550.0,28400.0,29250.0,29250.0,45914.0,29250.0
2019-05-21,29550.0,28850.0,29550.0,28950.0,6487.0,28950.0
2019-05-22,29200.0,28550.0,28950.0,28550.0,5911.0,28550.0
2019-05-23,28750.0,27550.0,28400.0,28300.0,11042.0,28300.0
2019-05-24,28350.0,27500.0,28100.0,27700.0,6083.0,27700.0
2019-05-27,28200.0,27250.0,27700.0,27350.0,8422.0,27350.0
2019-05-28,29050.0,27250.0,27600.0,29050.0,10207.0,29050.0
2019-05-29,30000.0,28150.0,28900.0,29650.0,17725.0,29650.0
2019-05-30,30750.0,29350.0,29750.0,29900.0,20662.0,29900.0
2019-05-31,30900.0,29350.0,29950.0,29550.0,25719.0,29550.0
2019-06-03,30300.0,28400.0,29450.0,29100.0,10526.0,29100.0
2019-06-04,29500.0,28600.0,29100.0,29100.0,6642.0,29100.0
2019-06-05,29400.0,28350.0,29000.0,28750.0,7772.0,28750.0
2019-06-07,28750.0,28200.0,28750.0,28250.0,6765.0,28250.0
2019-06-10,28500.0,28050.0,28100.0,28250.0,7161.0,28250.0
2019-06-11,28800.0,28100.0,28100.0,28550.0,2977.0,28550.0
2019-06-12,28850.0,28250.0,28700.0,28550.0,8677.0,28550.0
2019-06-13,28800.0,28000.0,28500.0,28800.0,13157.0,28800.0
2019-06-14,28900.0,28200.0,28600.0,28700.0,13082.0,28700.0
2019-06-17,29100.0,28200.0,28700.0,28200.0,17250.0,28200.0
2019-06-18,28250.0,27300.0,28200.0,27450.0,18658.0,27450.0
2019-06-19,27850.0,27300.0,27450.0,27400.0,14681.0,27400.0
2019-06-20,28000.0,27300.0,27300.0,27950.0,12875.0,27950.0
2019-06-21,28100.0,27400.0,27900.0,27700.0,9613.0,27700.0
2019-06-24,27650.0,27400.0,27450.0,27600.0,8765.0,27600.0
2019-06-25,27800.0,27150.0,27500.0,27250.0,22418.0,27250.0
2019-06-26,27250.0,26750.0,27000.0,27150.0,13366.0,27150.0
2019-06-27,28200.0,26850.0,26850.0,27550.0,18156.0,27550.0
2019-06-28,28200.0,27250.0,27300.0,28050.0,14119.0,28050.0
2019-07-01,28850.0,27700.0,27900.0,28050.0,7087.0,28050.0
2019-07-02,28100.0,26800.0,27900.0,27550.0,14454.0,27550.0
2019-07-03,27850.0,27150.0,27300.0,27300.0,13174.0,27300.0
2019-07-04,27500.0,27000.0,27150.0,27400.0,7586.0,27400.0
2019-07-05,27150.0,25850.0,27050.0,26200.0,28432.0,26200.0
2019-07-08,26400.0,25000.0,26400.0,26000.0,22555.0,26000.0
2019-07-09,25900.0,25200.0,25750.0,25500.0,9349.0,25500.0
2019-07-10,25500.0,24200.0,25500.0,25200.0,41900.0,25200.0
2019-07-11,25550.0,24800.0,25200.0,25100.0,9116.0,25100.0
2019-07-12,25650.0,24400.0,25100.0,24500.0,26197.0,24500.0
2019-07-15,24850.0,24500.0,24700.0,24800.0,5832.0,24800.0
2019-07-16,25800.0,24650.0,24800.0,25200.0,23687.0,25200.0
2019-07-17,26100.0,24850.0,25250.0,25500.0,20323.0,25500.0
2019-07-18,26950.0,24200.0,25600.0,26250.0,25010.0,26250.0
2019-07-19,26350.0,25800.0,26250.0,26150.0,5891.0,26150.0
2019-07-22,26400.0,25950.0,26250.0,26200.0,3391.0,26200.0
2019-07-23,26200.0,25650.0,25950.0,25700.0,7817.0,25700.0
2019-07-24,26500.0,25700.0,25700.0,26150.0,5609.0,26150.0
2019-07-25,26300.0,25450.0,25850.0,26250.0,6145.0,26250.0
2019-07-26,27000.0,25450.0,27000.0,26650.0,10293.0,26650.0
2019-07-29,26750.0,25800.0,26750.0,25850.0,7124.0,25850.0
2019-07-30,26250.0,25300.0,25550.0,25500.0,7279.0,25500.0
2019-07-31,25800.0,25250.0,25500.0,25350.0,4904.0,25350.0
2019-08-01,25750.0,25050.0,25100.0,25150.0,3396.0,25150.0
2019-08-02,25600.0,24650.0,25300.0,25300.0,3360.0,25300.0
2019-08-05,25650.0,24600.0,25050.0,24650.0,11642.0,24650.0
2019-08-06,25500.0,23150.0,24150.0,24900.0,25042.0,24900.0
2019-08-07,25200.0,24500.0,25000.0,24500.0,5532.0,24500.0
2019-08-08,25100.0,24000.0,24800.0,24500.0,9333.0,24500.0
2019-08-09,24800.0,24350.0,24600.0,24700.0,8750.0,24700.0
2019-08-12,24750.0,23000.0,24750.0,23850.0,37730.0,23850.0
2019-08-13,24800.0,23250.0,23850.0,24700.0,14754.0,24700.0
2019-08-14,25550.0,24650.0,24800.0,25450.0,7659.0,25450.0
2019-08-16,26250.0,25250.0,25300.0,26200.0,9833.0,26200.0
2019-08-19,27000.0,26000.0,26200.0,27000.0,16231.0,27000.0
2019-08-20,27600.0,26950.0,27000.0,27400.0,13424.0,27400.0
2019-08-21,27750.0,27100.0,27750.0,27500.0,7828.0,27500.0
2019-08-22,27900.0,27500.0,27500.0,27900.0,11167.0,27900.0
2019-08-23,27900.0,27350.0,27450.0,27900.0,3460.0,27900.0
2019-08-26,28000.0,26000.0,27500.0,27900.0,15467.0,27900.0
2019-08-27,27950.0,27450.0,27900.0,27500.0,9815.0,27500.0
2019-08-28,28000.0,27250.0,28000.0,27400.0,3490.0,27400.0
2019-08-29,27650.0,27150.0,27400.0,27450.0,4778.0,27450.0
2019-08-30,27950.0,27150.0,27850.0,27500.0,5428.0,27500.0
2019-09-02,27500.0,27050.0,27500.0,27150.0,1751.0,27150.0
2019-09-03,27500.0,26500.0,27500.0,26650.0,5448.0,26650.0
2019-09-04,27450.0,26500.0,26950.0,26600.0,5798.0,26600.0
2019-09-05,27300.0,26650.0,26950.0,27050.0,14579.0,27050.0
2019-09-06,27650.0,26350.0,26700.0,27400.0,9138.0,27400.0
2019-09-09,27500.0,27100.0,27300.0,27350.0,5936.0,27350.0
2019-09-10,27450.0,26950.0,27450.0,27350.0,5943.0,27350.0
2019-09-11,27900.0,27100.0,27100.0,27450.0,6919.0,27450.0
2019-09-16,27800.0,27050.0,27800.0,27600.0,6635.0,27600.0
2019-09-17,27750.0,27300.0,27450.0,27600.0,7533.0,27600.0
2019-09-18,29000.0,27700.0,27700.0,28650.0,33706.0,28650.0
2019-09-19,29350.0,28650.0,28650.0,28850.0,19501.0,28850.0
2019-09-20,29650.0,28400.0,29650.0,28950.0,13527.0,28950.0
2019-09-23,29250.0,28250.0,28700.0,28600.0,5482.0,28600.0
2019-09-24,28950.0,28200.0,28600.0,28500.0,1573.0,28500.0
2019-09-25,28700.0,27250.0,28500.0,27550.0,11081.0,27550.0
2019-09-26,27900.0,27050.0,27600.0,27150.0,8262.0,27150.0
2019-09-27,27850.0,26600.0,27350.0,27050.0,4109.0,27050.0
2019-09-30,28000.0,27000.0,27300.0,27650.0,2056.0,27650.0
2019-10-01,28100.0,27650.0,28000.0,28100.0,4438.0,28100.0
2019-10-02,28500.0,28000.0,28250.0,28400.0,6471.0,28400.0
2019-10-04,28400.0,28000.0,28400.0,28050.0,2365.0,28050.0
2019-10-07,28350.0,27500.0,27600.0,27850.0,2749.0,27850.0
2019-10-08,28100.0,27200.0,27550.0,27600.0,4108.0,27600.0
2019-10-10,27700.0,27050.0,27600.0,27650.0,4369.0,27650.0
2019-10-11,27700.0,27350.0,27400.0,27550.0,1690.0,27550.0
2019-10-14,27850.0,27300.0,27550.0,27650.0,5515.0,27650.0
2019-10-15,28000.0,27300.0,28000.0,27750.0,5356.0,27750.0
2019-10-16,28000.0,27350.0,28000.0,27400.0,6511.0,27400.0
2019-10-17,27700.0,27200.0,27350.0,27400.0,16278.0,27400.0
2019-10-18,28000.0,27250.0,28000.0,27400.0,4023.0,27400.0
2019-10-21,27450.0,27100.0,27400.0,27350.0,6109.0,27350.0
2019-10-22,27700.0,27150.0,27450.0,27150.0,8807.0,27150.0
2019-10-23,27500.0,27050.0,27200.0,27300.0,3958.0,27300.0
2019-10-24,27800.0,27000.0,27500.0,27800.0,12699.0,27800.0
2019-10-25,28300.0,27500.0,27800.0,28150.0,7567.0,28150.0
2019-10-28,28800.0,27800.0,28350.0,28800.0,11124.0,28800.0
2019-10-29,29100.0,28550.0,28650.0,28850.0,10394.0,28850.0
2019-10-30,29400.0,28550.0,28850.0,29350.0,10122.0,29350.0
2019-10-31,29400.0,28350.0,29200.0,28950.0,8653.0,28950.0
2019-11-01,29100.0,28000.0,29100.0,29100.0,13854.0,29100.0
2019-11-04,29400.0,28700.0,28700.0,29300.0,6037.0,29300.0
2019-11-05,29450.0,28000.0,29200.0,29150.0,13797.0,29150.0
2019-11-06,29600.0,29000.0,29450.0,29400.0,8166.0,29400.0
2019-11-07,29900.0,29100.0,29150.0,29700.0,25176.0,29700.0
2019-11-08,30150.0,29600.0,29600.0,29900.0,13391.0,29900.0
2019-11-11,30200.0,29750.0,30100.0,30100.0,12254.0,30100.0
2019-11-12,30300.0,29900.0,30000.0,30250.0,14613.0,30250.0
2019-11-13,30300.0,29700.0,30250.0,30050.0,6435.0,30050.0
2019-11-15,30300.0,29400.0,29500.0,30150.0,16978.0,30150.0
2019-11-18,30350.0,29650.0,30300.0,30200.0,10629.0,30200.0
2019-11-19,30550.0,29800.0,29800.0,30300.0,28031.0,30300.0
2019-11-20,30550.0,30050.0,30300.0,30150.0,11146.0,30150.0
2019-11-21,30500.0,29950.0,30200.0,30050.0,10409.0,30050.0
2019-11-22,30500.0,29900.0,30450.0,30200.0,7634.0,30200.0
2019-11-25,30650.0,29800.0,30200.0,30200.0,12759.0,30200.0
2019-11-26,30600.0,29400.0,29950.0,30600.0,24385.0,30600.0
2019-11-27,30550.0,30050.0,30500.0,30300.0,7253.0,30300.0
2019-11-28,30300.0,29850.0,30300.0,30000.0,8298.0,30000.0
2019-11-29,30250.0,29450.0,30000.0,29550.0,13534.0,29550.0
2019-12-02,29650.0,29300.0,29500.0,29650.0,10969.0,29650.0
2019-12-03,29650.0,28950.0,29650.0,29500.0,7530.0,29500.0
2019-12-04,29500.0,28250.0,29450.0,29150.0,10500.0,29150.0
2019-12-05,29300.0,28550.0,29150.0,29000.0,23764.0,29000.0
2019-12-06,29300.0,28650.0,29300.0,29150.0,6402.0,29150.0
2019-12-09,29100.0,28500.0,28750.0,28850.0,17198.0,28850.0
2019-12-10,29200.0,28650.0,28850.0,28850.0,5630.0,28850.0
2019-12-11,28950.0,28350.0,28950.0,28950.0,4483.0,28950.0
2019-12-12,29150.0,28650.0,29000.0,29100.0,7778.0,29100.0
2019-12-13,29150.0,28650.0,29100.0,28750.0,7379.0,28750.0
2019-12-16,29000.0,28400.0,28750.0,28800.0,5624.0,28800.0
2019-12-17,29150.0,28500.0,29150.0,29050.0,3591.0,29050.0
2019-12-18,29150.0,28650.0,29150.0,29050.0,4645.0,29050.0
2019-12-19,29100.0,28850.0,29100.0,29100.0,5951.0,29100.0
2019-12-20,29350.0,28800.0,29050.0,29300.0,13516.0,29300.0
2019-12-23,29750.0,28950.0,29300.0,29150.0,14976.0,29150.0
2019-12-24,29450.0,29050.0,29450.0,29050.0,5239.0,29050.0
2019-12-26,29300.0,28850.0,29300.0,29000.0,14625.0,29000.0
2019-12-27,29500.0,29000.0,29250.0,29200.0,10202.0,29200.0
2019-12-30,29400.0,28900.0,29150.0,29100.0,3252.0,29100.0
2020-01-02,29650.0,28550.0,29100.0,29150.0,10392.0,29150.0
2020-01-03,29450.0,28600.0,29150.0,29350.0,15269.0,29350.0
2020-01-06,29350.0,28800.0,29350.0,29100.0,2256.0,29100.0
2020-01-07,29350.0,28750.0,29100.0,29000.0,3736.0,29000.0
2020-01-08,29050.0,28300.0,29000.0,28450.0,6890.0,28450.0
2020-01-09,29000.0,28300.0,28750.0,28450.0,17310.0,28450.0
2020-01-10,29400.0,28700.0,28700.0,29150.0,16000.0,29150.0
2020-01-13,29400.0,28600.0,29250.0,29400.0,12574.0,29400.0
2020-01-14,29550.0,29000.0,29450.0,29350.0,5704.0,29350.0
2020-01-15,29450.0,29100.0,29350.0,29450.0,3378.0,29450.0
2020-01-16,29500.0,29050.0,29450.0,29300.0,2375.0,29300.0
2020-01-17,35300.0,29050.0,29550.0,29300.0,207120.0,29300.0
2020-01-20,29700.0,28800.0,29300.0,29150.0,17700.0,29150.0
2020-01-21,29250.0,28400.0,29050.0,28950.0,29138.0,28950.0
2020-01-22,29000.0,28500.0,28750.0,28950.0,16477.0,28950.0
2020-01-23,29000.0,28450.0,29000.0,28450.0,12217.0,28450.0
2020-01-28,28100.0,27250.0,28100.0,27550.0,12396.0,27550.0
2020-01-29,28000.0,27200.0,27600.0,27200.0,6779.0,27200.0
2020-01-30,27550.0,26600.0,27450.0,26700.0,23121.0,26700.0
2020-01-31,27200.0,26500.0,26700.0,27200.0,17079.0,27200.0
2020-02-03,27900.0,26550.0,26550.0,27850.0,9968.0,27850.0
2020-02-04,28000.0,27450.0,27850.0,27800.0,5117.0,27800.0
2020-02-05,28400.0,27800.0,28100.0,28250.0,5379.0,28250.0
2020-02-06,28550.0,27900.0,28550.0,27900.0,7583.0,27900.0
2020-02-07,28450.0,27550.0,28450.0,27600.0,1800.0,27600.0
2020-02-10,28700.0,27250.0,27900.0,28350.0,18505.0,28350.0
2020-02-11,30450.0,28000.0,28500.0,30050.0,53275.0,30050.0
2020-02-12,29950.0,28700.0,29850.0,29300.0,51359.0,29300.0
2020-02-13,30500.0,29150.0,29300.0,29700.0,50975.0,29700.0
2020-02-14,29750.0,29300.0,29500.0,29350.0,13790.0,29350.0
2020-02-17,29650.0,29200.0,29650.0,29350.0,6900.0,29350.0
2020-02-18,29800.0,29200.0,29800.0,29700.0,20132.0,29700.0
2020-02-19,29700.0,28800.0,29700.0,29650.0,23928.0,29650.0
2020-02-20,29650.0,29050.0,29200.0,29500.0,10632.0,29500.0
2020-02-21,29600.0,28600.0,29400.0,29500.0,22628.0,29500.0
2020-02-24,29700.0,28050.0,28750.0,28950.0,22752.0,28950.0
2020-02-25,29850.0,28000.0,29050.0,29700.0,50808.0,29700.0
2020-02-26,29550.0,28450.0,29550.0,28800.0,40668.0,28800.0
2020-02-27,28950.0,27600.0,28950.0,28800.0,57748.0,28800.0
2020-02-28,28750.0,27450.0,28750.0,27700.0,31537.0,27700.0
2020-03-02,28100.0,26950.0,27350.0,27100.0,28538.0,27100.0
2020-03-03,27700.0,26000.0,27400.0,26400.0,49923.0,26400.0
2020-03-04,27200.0,26100.0,26100.0,27100.0,15158.0,27100.0
2020-03-05,28150.0,26900.0,26950.0,28050.0,16666.0,28050.0
2020-03-06,28200.0,27450.0,27950.0,27850.0,13532.0,27850.0
2020-03-09,27850.0,27850.0,27850.0,27850.0,0.0,27850.0
2020-03-10,27950.0,27200.0,27550.0,27800.0,9388.0,27800.0
2020-03-11,27900.0,27150.0,27800.0,27650.0,21029.0,27650.0
2020-03-12,27650.0,27650.0,27650.0,27650.0,0.0,27650.0
2020-03-13,25900.0,21750.0,24750.0,25000.0,38740.0,25000.0
2020-03-16,25850.0,22600.0,25100.0,24800.0,105785.0,24800.0
2020-03-17,24450.0,22500.0,24050.0,24150.0,31441.0,24150.0
2020-03-18,24950.0,23050.0,24100.0,23750.0,34638.0,23750.0
2020-03-19,23750.0,19900.0,23700.0,20450.0,72605.0,20450.0
2020-03-20,22400.0,19850.0,20450.0,21750.0,21485.0,21750.0
2020-03-23,21600.0,19900.0,21600.0,20700.0,14739.0,20700.0
2020-03-24,21800.0,20550.0,21050.0,21500.0,32134.0,21500.0
2020-03-25,23000.0,21350.0,22300.0,22550.0,13416.0,22550.0
2020-03-26,23250.0,21850.0,22550.0,21950.0,22407.0,21950.0
2020-03-27,23700.0,22150.0,22350.0,22900.0,30310.0,22900.0
2020-03-30,24300.0,22600.0,23000.0,23450.0,17309.0,23450.0
2020-03-31,25250.0,24200.0,24300.0,25100.0,24175.0,25100.0
2020-04-01,25850.0,24350.0,25100.0,25100.0,18255.0,25100.0
2020-04-02,25700.0,24300.0,24950.0,25300.0,8795.0,25300.0
2020-04-03,25900.0,25000.0,25450.0,25900.0,8772.0,25900.0
2020-04-06,26600.0,25750.0,26350.0,26000.0,17273.0,26000.0
2020-04-07,26550.0,25800.0,26550.0,25950.0,21034.0,25950.0
2020-04-08,26700.0,25950.0,25950.0,26550.0,10627.0,26550.0
2020-04-09,27000.0,26050.0,27000.0,26400.0,14227.0,26400.0
2020-04-10,27300.0,26100.0,26400.0,27300.0,30535.0,27300.0
2020-04-13,27500.0,26000.0,27300.0,26300.0,28238.0,26300.0
2020-04-14,27550.0,25950.0,26850.0,27550.0,61608.0,27550.0
2020-04-16,26600.0,24150.0,26600.0,24600.0,208141.0,24600.0
2020-04-17,24900.0,23700.0,24800.0,24200.0,130219.0,24200.0
2020-04-20,24550.0,23800.0,24150.0,23850.0,57865.0,23850.0
2020-04-21,23900.0,22550.0,23650.0,22850.0,95541.0,22850.0
2020-04-22,23300.0,22200.0,22550.0,23300.0,45564.0,23300.0
2020-04-23,23700.0,23000.0,23300.0,23350.0,41063.0,23350.0
2020-04-24,23350.0,22800.0,23350.0,22900.0,37440.0,22900.0
2020-04-27,23400.0,22800.0,22900.0,23000.0,53176.0,23000.0
2020-04-28,23650.0,22700.0,23250.0,23000.0,61654.0,23000.0
2020-04-29,24450.0,22950.0,22950.0,24450.0,80890.0,24450.0
2020-05-04,24700.0,23550.0,24400.0,24350.0,73888.0,24350.0
2020-05-06,25200.0,24450.0,24500.0,25000.0,64563.0,25000.0
2020-05-07,25450.0,24700.0,25000.0,24950.0,58121.0,24950.0
2020-05-08,25250.0,24700.0,25250.0,25000.0,45732.0,25000.0
2020-05-11,26450.0,24950.0,25150.0,26250.0,92495.0,26250.0
2020-05-12,26250.0,25200.0,26250.0,25950.0,39504.0,25950.0
2020-05-13,26250.0,25400.0,25650.0,25950.0,24270.0,25950.0
2020-05-14,25850.0,25050.0,25850.0,25450.0,27682.0,25450.0
2020-05-15,25750.0,24350.0,25750.0,24750.0,45466.0,24750.0
2020-05-18,25000.0,24450.0,24750.0,24700.0,21560.0,24700.0
2020-05-19,25100.0,24500.0,24800.0,24800.0,30756.0,24800.0
2020-05-20,25050.0,24550.0,24600.0,24650.0,20572.0,24650.0
2020-05-21,25450.0,24700.0,24700.0,25300.0,63952.0,25300.0
2020-05-22,25600.0,24750.0,25600.0,25000.0,29057.0,25000.0
2020-05-25,25100.0,24350.0,25000.0,24550.0,28516.0,24550.0
2020-05-26,24800.0,24300.0,24400.0,24400.0,29213.0,24400.0
2020-05-27,25250.0,24450.0,24700.0,24750.0,57678.0,24750.0
2020-05-28,25200.0,24550.0,24900.0,24600.0,42757.0,24600.0
2020-05-29,26350.0,24400.0,24800.0,25950.0,156440.0,25950.0
2020-06-01,26250.0,25600.0,26000.0,25650.0,55624.0,25650.0
2020-06-02,26050.0,25300.0,25750.0,25950.0,45817.0,25950.0
2020-06-03,26200.0,25550.0,26050.0,25600.0,66654.0,25600.0
2020-06-04,26150.0,25600.0,25800.0,25750.0,28604.0,25750.0
2020-06-05,27150.0,25950.0,26150.0,26850.0,132820.0,26850.0
2020-06-08,27350.0,26700.0,27300.0,26950.0,71639.0,26950.0
2020-06-09,27250.0,26550.0,27200.0,26600.0,46709.0,26600.0
2020-06-10,27500.0,26550.0,26550.0,27500.0,67203.0,27500.0
2020-06-11,27600.0,26500.0,27500.0,26650.0,57076.0,26650.0
2020-06-12,27000.0,25250.0,25500.0,27000.0,53921.0,27000.0
2020-06-15,29000.0,26000.0,26600.0,26100.0,142423.0,26100.0
2020-06-16,27700.0,26350.0,27200.0,27100.0,67909.0,27100.0
2020-06-17,28900.0,26800.0,26800.0,27900.0,103559.0,27900.0
2020-06-18,29600.0,27900.0,27950.0,28950.0,116430.0,28950.0
2020-06-19,29600.0,28100.0,29000.0,29400.0,59775.0,29400.0
2020-06-22,29600.0,28700.0,29250.0,29000.0,52857.0,29000.0
2020-06-23,29350.0,27600.0,29000.0,28900.0,50837.0,28900.0
2020-06-24,29200.0,28350.0,29200.0,28600.0,28943.0,28600.0
2020-06-25,28700.0,28000.0,28650.0,28700.0,36172.0,28700.0
2020-06-26,29150.0,27800.0,29000.0,28250.0,44229.0,28250.0
2020-06-29,28350.0,27350.0,28300.0,27450.0,23443.0,27450.0
2020-06-30,27950.0,26800.0,27500.0,26900.0,30787.0,26900.0
2020-07-01,28600.0,27300.0,27450.0,27950.0,103429.0,27950.0
2020-07-02,28800.0,27100.0,28600.0,27600.0,65167.0,27600.0
2020-07-03,27750.0,27050.0,27700.0,27200.0,32032.0,27200.0
2020-07-06,27500.0,26850.0,27500.0,27150.0,25483.0,27150.0
2020-07-07,27350.0,26750.0,27150.0,26800.0,24849.0,26800.0
2020-07-08,27000.0,26500.0,27000.0,26500.0,22671.0,26500.0
2020-07-09,27850.0,26550.0,26550.0,27800.0,57970.0,27800.0
2020-07-10,27900.0,26750.0,27900.0,26900.0,49263.0,26900.0
2020-07-13,27300.0,26900.0,27300.0,27050.0,21364.0,27050.0
2020-07-14,27200.0,26600.0,27150.0,27050.0,28397.0,27050.0
2020-07-15,28300.0,27250.0,28300.0,27250.0,50654.0,27250.0
2020-07-16,33300.0,27400.0,27500.0,31900.0,746194.0,31900.0
2020-07-17,34950.0,31650.0,33100.0,31950.0,590430.0,31950.0
2020-07-20,33700.0,31450.0,32350.0,32900.0,412719.0,32900.0
2020-07-21,36000.0,32400.0,33400.0,35600.0,731784.0,35600.0
2020-07-22,36300.0,34550.0,36200.0,35000.0,283128.0,35000.0
2020-07-23,36000.0,33750.0,35400.0,33900.0,187543.0,33900.0
2020-07-24,34500.0,32450.0,33100.0,32850.0,175283.0,32850.0
2020-07-27,36000.0,32350.0,32500.0,34900.0,359886.0,34900.0
2020-07-28,35550.0,33750.0,34600.0,33750.0,147401.0,33750.0
2020-07-29,35650.0,33800.0,33800.0,34900.0,195559.0,34900.0
2020-07-30,35250.0,34000.0,35000.0,34800.0,116599.0,34800.0
2020-07-31,34800.0,33150.0,34800.0,33450.0,103002.0,33450.0
2020-08-03,33700.0,32750.0,33450.0,33050.0,50765.0,33050.0
2020-08-04,34300.0,33100.0,33550.0,34000.0,69220.0,34000.0
2020-08-05,34300.0,33500.0,34200.0,33750.0,52977.0,33750.0
2020-08-06,35400.0,33850.0,34000.0,34800.0,188429.0,34800.0
2020-08-07,34800.0,33550.0,34800.0,34300.0,94343.0,34300.0
2020-08-10,37250.0,34250.0,34350.0,36350.0,466410.0,36350.0
2020-08-11,37400.0,35950.0,36300.0,36200.0,195622.0,36200.0
2020-08-12,36550.0,34450.0,36550.0,35350.0,140052.0,35350.0
2020-08-13,35900.0,34450.0,35300.0,34600.0,95776.0,34600.0
2020-08-14,37950.0,32800.0,34700.0,36500.0,418703.0,36500.0
2020-08-18,39100.0,33850.0,36950.0,34100.0,548410.0,34100.0
2020-08-19,36450.0,34800.0,35200.0,36250.0,218219.0,36250.0
2020-08-20,36250.0,34050.0,36250.0,34150.0,189716.0,34150.0
2020-08-21,35450.0,34150.0,34150.0,34300.0,93336.0,34300.0
2020-08-24,35500.0,33600.0,33950.0,35300.0,105891.0,35300.0
2020-08-25,36550.0,35600.0,35950.0,36400.0,145264.0,36400.0
2020-08-26,40350.0,36800.0,37350.0,40250.0,787504.0,40250.0
2020-08-27,40850.0,39350.0,40200.0,40350.0,341555.0,40350.0
2020-08-28,42000.0,39450.0,40000.0,41750.0,471184.0,41750.0
2020-08-31,42950.0,40900.0,42300.0,41350.0,325033.0,41350.0
2020-09-01,41700.0,39700.0,41350.0,40550.0,193164.0,40550.0
2020-09-02,41200.0,39700.0,40550.0,40100.0,133967.0,40100.0
2020-09-03,46750.0,40000.0,40400.0,43150.0,667289.0,43150.0
2020-09-04,51100.0,41200.0,41600.0,49350.0,1291937.0,49350.0
2020-09-07,60300.0,47750.0,50000.0,53100.0,1728749.0,53100.0
2020-09-08,54400.0,49100.0,54000.0,49700.0,586059.0,49700.0
2020-09-09,50400.0,47800.0,48500.0,48400.0,290401.0,48400.0
2020-09-10,49600.0,48000.0,49000.0,48200.0,303823.0,48200.0
2020-09-11,49950.0,47250.0,47900.0,48500.0,246360.0,48500.0
2020-09-14,48750.0,45900.0,48600.0,46350.0,327337.0,46350.0
2020-09-15,47550.0,45500.0,46600.0,47500.0,181531.0,47500.0
2020-09-16,51000.0,46850.0,47050.0,49500.0,464560.0,49500.0
2020-09-17,49950.0,47150.0,49600.0,48000.0,197482.0,48000.0
2020-09-18,48400.0,46200.0,48000.0,46950.0,148588.0,46950.0
2020-09-21,47650.0,44900.0,46850.0,45150.0,193795.0,45150.0
2020-09-22,44800.0,42700.0,44600.0,43400.0,269301.0,43400.0
2020-09-23,44500.0,41200.0,43800.0,43900.0,157225.0,43900.0
